ID,Prompt,element,product_process_ratio,chars_process_per_min_incl_space,chars_process_per_min_excl_space,mean_process_time_in_p_burst_pt200,mean_typed_chars_in_p_burst_pt200,mean_pause_time_in_seconds_pt200,proportion_of_pause_time_pt200,mean_process_time_in_p_burst_pt1000,mean_typed_chars_in_p_burst_pt1000,mean_pause_time_in_seconds_pt1000,proportion_of_pause_time_pt1000,mean_process_time_in_p_burst_pt2000,mean_typed_chars_in_p_burst_pt2000,mean_pause_time_in_seconds_pt2000,proportion_of_pause_time_pt2000,mean_pause_time_sec_within_words_pt200,mean_pause_time_sec_between_words_pt200,mean_pause_time_sec_between_sentences_pt200,mean_pause_time_sec_within_words_pt1000,mean_pause_time_sec_between_words_pt1000,mean_pause_time_sec_between_sentences_pt1000,mean_pause_time_sec_within_words_pt2000,mean_pause_time_sec_between_words_pt2000,mean_pause_time_sec_between_sentences_pt2000,proportion_of_pause_time_within_words_pt200,proportion_of_pause_time_within_words_pt1000,proportion_of_pause_time_within_words_pt2000,proportion_of_pause_time_between_words_pt200,proportion_of_pause_time_between_words_pt1000,proportion_of_pause_time_between_words_pt2000,proportion_of_pause_time_between_sentences_pt200,proportion_of_pause_time_between_sentences_pt1000,proportion_of_pause_time_between_sentences_pt2000
1,Competition,Data,0.88482835,46.26565684,37.76788314,2.035282918,1.569395018,0.786283929,0.384951772,17.59736923,13.56923077,4.100746032,0.225861558,34.66148485,26.72727273,6.857354839,0.18584771,0.356771863,1.280295455,1.0706,1.668333333,2.621779412,2.21,2.352,3.96957377,3.566,0.082032367,0.013126962,0.006168754,0.147748483,0.155863333,0.211695979,0.009359791,0.007728428,0.012470395
1,Competition,FinalClaim,0.864473684,20.21312107,16.63884966,5.291440217,1.782608696,1.080371585,0.203063808,46.36309524,15.61904762,7.01905,0.144183849,88.51136364,29.81818182,12.7853,0.131316472,0.538,1.611,0.948,7.131,3.412,2.744,19.257,3.412,2.744,0.04807395,0.021972525,0.019778662,0.077768135,0.140177173,0.140177173,0.001947362,0.005636667,0.005636667
1,Competition,PrimaryClaim,0.992,11.95928011,10.11191164,9.493753846,1.892307692,0.642666667,0.06561075,102.849,20.5,5.326,0.034523103,123.4188,24.6,6.736,0.032747037,0.353948718,1.777066667,0,2.376,8.916,0,2.376,8.916,0,0.022369364,0.003850305,0.003850305,0.043196012,0.028896732,0.028896732,0,0,0
2,Competition,Data,0.796610169,55.97740663,47.24872628,2.749556522,2.565217391,0.409535088,0.147650688,79.04975,73.75,2.911666667,0.027625008,105.3996667,98.33333333,3.5355,0.0223625,0.321,0.712,0.456,0,2.095,1.832,0,3.536,0,0.04974399,0,0,0.092321608,0.218643955,0.022365662,0.00144213,0.00579382,0
2,Competition,FinalClaim,0.826923077,51.76125123,43.54912964,2.940329268,2.536585366,0.395111111,0.132737747,60.27675,52,1.952,0.024287972,120.5535,104,2.888,0.011978084,0.375,0.45,0,2.888,0,0,2.888,0,0,0.055991738,0.011978084,0.011978084,0.046659782,0,0,0,0,0
3,Competition,Data,0.842198582,49.94491589,41.66551675,2.335674216,1.944250871,0.611781469,0.261016636,15.58926744,12.97674419,1.928297619,0.120817318,46.23024138,38.48275862,3.199481481,0.06443461,0.42195102,1.126235294,0.54225,1.460882353,2.460022901,1.80775,2.46,3.128232877,2.368,0.077108804,0.018524223,0.007339575,0.128527602,0.240373334,0.170332601,0.001617839,0.005393544,0.001766272
3,Competition,FinalClaim,0.830872483,52.53299647,44.69225073,1.962136752,1.717948718,0.700456897,0.353935619,10.435,9.136363636,2.12747619,0.194611665,22.957,20.1,3.271444444,0.12825282,0.365,1.809,1.652,1.328,3.364,1.652,0,4.106,0,0.084266237,0.011569456,0,0.165478939,0.293069652,0.232512959,0.007196062,0.007196062,0
3,Competition,PrimaryClaim,0.975206612,5.117840445,4.337152919,24.27010526,2.070175439,0.541272727,0.021519507,153.7106667,13.11111111,1.953142857,0.009882926,276.6792,23.6,3.005333333,0.006517295,0.3005,1.0558,0,1,2.18975,0,0,3.16,0,0.006516572,0.000722859,0,0.011447915,0.00633152,0.004568468,0,0,0
4,Competition,Data,0.816977724,25.63359411,21.29392618,3.705512008,1.58309318,0.742447115,0.200170424,30.859504,13.184,3.625362903,0.116539786,56.72702941,24.23529412,5.540477612,0.096232785,0.321,1.342,0.764,1.641,2.474,1.721,3.004,4.622,0,0.042856165,0.003828707,0.00155751,0.084191632,0.1154445,0.037144343,0.00178253,0.002676906,0
4,Competition,FinalClaim,0.838709677,2.609262883,2.248633054,27.46004854,1.194174757,0.502421569,0.01811882,353.548125,15.375,2.177142857,0.005388234,707.09625,30.75,3.232,0.003428105,0.456,0.952,0,2.284,3.68,0,3.008,3.68,0,0.009834588,0.003230112,0.002127009,0.005721993,0.001301096,0.001301096,0,0,0
4,Competition,PrimaryClaim,0.836601307,3.123484153,2.523609713,30.53270526,1.589473684,0.620882979,0.020120961,290.0607,15.1,3.308111111,0.010264403,483.4345,25.16666667,4.7244,0.008143813,0.316,0.828,0,1.544,3.608,0,0,5.336,0,0.005556078,0.000532302,0,0.007136437,0.002487755,0.001839615,0,0,0
5,Competition,Data,0.861552028,33.56724314,27.6295708,2.996853949,1.676602086,0.840219731,0.27953159,19.71459804,11.02941176,3.26217,0.162225265,51.56125641,28.84615385,6.462783784,0.118914072,0.396239437,1.639896104,1.2185,1.663363636,2.546736842,1.5745,2.256,5.5445,0,0.055961319,0.009098961,0.002243784,0.125588235,0.192503912,0.044115811,0.003635705,0.004697922,0
5,Competition,FinalClaim,0.873287671,12.96868902,10.40196932,7.931190476,1.714285714,0.56245509,0.070494731,63.44952381,13.71428571,1.74945,0.026259344,190.3485714,41.14285714,2.764833333,0.012450092,0.361,1.819,2.776,1.528,2.632,2.776,0,3.259,2.776,0.01950707,0.002293537,0,0.051876257,0.037531146,0.029350665,0.002083396,0.002083396,0.002083396
5,Competition,PrimaryClaim,0.936507937,5.562720799,4.800089721,17.833,1.653333333,0.704369863,0.038444831,111.45625,10.33333333,2.7028,0.020208228,167.184375,15.5,3.703333333,0.016613395,0.33445,1.6515,0,1.16,2.6834,0,0,3.648,0,0.01000243,0.000867306,0,0.017287052,0.010031589,0.008182583,0,0,0
6,Competition,Data,0.863065327,58.40297552,47.72958746,1.269073132,1.235294118,0.723630573,0.569297473,8.583301075,8.35483871,2.414652174,0.278294814,22.17352778,21.58333333,4.205885714,0.184411592,0.457,1.811,2.098,2.41,3.735,3.758,4.812,4.272,4.158,0.184346449,0.039248503,0.024112837,0.256365511,0.444505272,0.492358881,0.021026073,0.032954712,0.036462398
6,Competition,FinalClaim,0.888888889,20.43560852,17.27546287,3.65124359,1.243589744,0.837844156,0.226526263,18.98646667,6.466666667,2.594071429,0.127518899,40.68528571,13.85714286,4.227833333,0.089070461,0.513,2.474,0,1.808,5.177,0,2.664,5.819,0,0.079256453,0.019045144,0.009354031,0.104242671,0.10906716,0.102160486,0,0,0
7,Competition,Data,0.800856531,42.71960116,35.67589819,1.777520325,1.265582656,0.633528533,0.355445529,17.97,12.79452055,3.105267606,0.168068547,38.58264706,27.47058824,5.25309375,0.128142795,0.348230539,1.241007576,0.6945,1.651428571,2.70055914,1.992,3.496,4.42109375,3.663,0.088662992,0.008812252,0.00266502,0.124875554,0.191454555,0.107847173,0.003176527,0.00607405,0.002792325
7,Competition,FinalClaim,0.84691358,8.912518286,7.48651536,9.785034884,1.453488372,0.762105882,0.076979203,84.1513,12.5,3.688666667,0.039450371,120.2161429,17.85714286,4.805,0.03425972,0.406,2.317,0,1.54,5.482,0,0,6.88,0,0.021710895,0.003660074,0,0.038547236,0.026057827,0.02452725,0,0,0
7,Competition,PrimaryClaim,0.9390681,12.16779344,10.11802178,7.906683908,1.603448276,0.774163743,0.096224422,41.68978788,8.454545455,2.639,0.057546249,98.26878571,19.92857143,4.853545455,0.038806829,0.366270588,1.731272727,0,1.029,2.431,0,0,4.9152,0,0.022629624,0.002243846,0,0.041527501,0.03180635,0.017863542,0,0,0
8,Competition,Data,0.743772242,18.99088134,15.91584539,4.278527711,1.354216867,0.691839806,0.160531519,32.28343636,10.21818182,2.906961538,0.08513344,59.1863,18.73333333,4.286037037,0.065174429,0.426131737,1.41545679,0,2.788285714,3.717509434,0,4.72,4.318319149,0,0.040079095,0.010992409,0.007974818,0.064571249,0.110964869,0.114306295,0,0,0
8,Competition,PrimaryClaim,0.801498127,11.51218846,9.593490381,6.583411483,1.263157895,0.560825243,0.083964844,55.03732,10.56,1.876636364,0.030005822,171.991625,33,3.6142,0.013133634,0.389054795,1.107416667,0,1.55625,1.778285714,0,0,4.9635,0,0.020641267,0.004524203,0,0.028974521,0.036187809,0.007214741,0,0,0
9,Competition,Data,0.825780463,67.53454584,54.8674445,1.111983139,1.251621271,0.497075325,0.446437174,15.309625,17.23214286,2.220945455,0.142478063,47.62994444,53.61111111,4.146882353,0.082227684,0.337,0.826,0.808,2.698,1.666,1.407,5.289,4.474,0,0.117923015,0.018881679,0.012338177,0.12428456,0.204038309,0.02087389,0.004712255,0.006564498,0
9,Competition,FinalClaim,0.829268293,14.61939323,12.24374183,4.497684932,1.095890411,0.432444444,0.094831131,82.08275,20,1.090666667,0.009965553,328.331,80,0,0,0.315,0.441,0,0,0,0,0,0,0,0.02494434,0,0,0.012088411,0,0,0,0,0
10,Competition,Data,0.64137931,10.15553819,8.282885757,9.360033708,1.584269663,0.726375,0.076731933,59.50307143,10.07142857,2.596230769,0.040515316,92.56033333,15.66666667,3.258,0.031287701,0.617,0.952,0,3.12,3.881,0,4.628,3.881,0,0.028145006,0.014981219,0.011111071,0.01828477,0.060564701,0.060564701,0,0,0
10,Competition,FinalClaim,0.883333333,23.26619591,19.35591088,5.683018519,2.203703704,0.903830189,0.15609532,34.09811111,13.22222222,3.7195,0.096962034,61.3766,23.8,5.924,0.077215095,0.479,1.185,0,4.368,1.81,0,4.368,2.599,0,0.03433882,0.014233437,0.014233437,0.057921097,0.023592053,0.008469026,0,0,0
11,Competition,Data,0.843151694,44.06252557,36.66421147,2.652460203,1.947901592,0.488885341,0.183780451,46.99615385,34.51282051,3.526243243,0.071184767,83.31136364,61.18181818,5.3438,0.058311373,0.305154494,0.835,0.642285714,1.289,4.892322751,4.958714286,0,7.754615385,7.702,0.059271081,0.005626211,0,0.093392804,0.504487001,0.440014186,0.00245301,0.018938266,0.016808795
11,Competition,FinalClaim,0.907142857,23.78628934,20.26760748,5.465333333,2.166666667,0.342012987,0.061776324,213.148,84.5,3.592,0.00842607,213.148,84.5,3.592,0.00842607,0.277,0.621,0,0,3.592,0,0,3.592,0,0.029890029,0,0,0.034961623,0.00842607,0.00842607,0,0,0
11,Competition,PrimaryClaim,0.65008881,24.19801536,19.8536679,4.985938628,2.010830325,0.487858182,0.097140333,81.24147059,32.76470588,3.382666667,0.036738698,138.1105,55.7,5.176,0.02998179,0.332293706,0.759,0.733333333,2.037,3.469857143,0,3.864,4.934,0,0.034405784,0.004424718,0.00279776,0.049460396,0.017586643,0.014290007,0.001592927,0,0
12,Competition,Data,0.938046647,35.71430121,29.28468576,2.246548733,1.337231969,0.427211144,0.189607277,45.19527451,26.90196078,1.829166667,0.038091784,230.4959,137.2,4.678857143,0.014209363,0.322429379,0.83179638,0.797333333,1.376,1.834156977,1.508,0,2.376,0,0.074278978,0.001790921,0,0.079752829,0.136867944,0.003092463,0.002075525,0.002616966,0
12,Competition,FinalClaim,0.927597956,5.806309719,4.985215415,12.94968354,1.253164557,0.466307692,0.035553383,255.75625,24.75,2.370666667,0.006951932,511.5125,49.5,3.984,0.003894333,0.378,1.408,0,1.264,4.244,0,0,4.244,0,0.015888175,0.001235551,0,0.015139415,0.008296962,0.008296962,0,0,0
12,Competition,PrimaryClaim,0.887755102,16.35214542,13.62116855,5.084522857,1.385714286,0.513752161,0.100176277,68.4455,18.65384615,2.430130435,0.03140792,148.2985833,40.41666667,4.083555556,0.020652029,0.346118557,1.20956,0.8,1.213,2.848538462,0,0,4.553333333,0,0.037731873,0.001363241,0,0.050976549,0.020808807,0.015351911,0.000449544,0,0
13,Competition,Data,0.617954071,67.94765304,55.32272377,1.710132075,1.936657682,0.671445344,0.392098623,13.79258696,15.61956522,2.789978022,0.200082275,33.39257895,37.81578947,4.806864865,0.140161933,0.37,1.178,0.74,1.479,2.209,1.56,2.128,3.142,0,0.073771512,0.012821159,0.003354039,0.185669996,0.28027737,0.126282392,0.004082218,0.006146969,0
13,Competition,FinalClaim,0.985714286,248.5942587,209.5294466,0.649807692,2.692307692,0.42648,0.631074282,8.4475,35,1.144,0.067712341,16.895,70,0,0,0.325,0.964,0,0,1.144,0,0,0,0,0.230837526,0,0,0.570583013,0.067712341,0,0,0,0
14,Competition,Data,0.749875931,110.1571897,91.96355744,0.839779412,1.541795666,0.657271108,0.782065355,5.740714286,10.53968254,2.421648936,0.41960562,13.91019231,25.53846154,3.959844156,0.281022493,0.415,1.279,0.865,1.863,2.322,1.974,2.789,4.564,4.047,0.211134614,0.058379993,0.030846225,0.331244844,0.575687446,0.508982991,0.008769626,0.020012995,0.018649856
14,Competition,FinalClaim,0.930232558,171.1237124,148.9782908,0.562320755,1.603773585,0.440384615,0.768379022,7.45075,21.25,2.330333333,0.234573701,14.9015,42.5,3.736,0.125356508,0.373,1.115,0,3.736,1.628,0,3.736,0,0,0.450558669,0.125356508,0.125356508,0.37412341,0.109250747,0,0,0,0
15,Competition,Data,0.890526316,57.0876833,48.15641784,2.004556452,1.907258065,0.469595142,0.233319253,22.59681818,21.5,1.563285714,0.066037053,124.2825,118.25,2.298666667,0.013871623,0.361,0.753,1.104,1.397,2.022,0,2.216,2.34,0,0.100937381,0.014050651,0.004457587,0.101484521,0.126087744,0.009414037,0.002220747,0,0
15,Competition,FinalClaim,0.703703704,30.34651932,26.36353866,3.195414141,1.616161616,0.597265306,0.185025257,31.6346,16,3.030222222,0.086209404,52.72433333,26.66666667,4.5738,0.072291099,0.395,0.97,0,1.904,1.616,0,2.528,10.511,0,0.064928907,0.012037453,0.00799125,0.049060206,0.081733292,0.531620441,0,0,0
16,Competition,Data,0.90018315,29.90739468,24.77568304,3.594566942,1.791735537,0.685729236,0.189822289,23.63818478,11.7826087,2.476932584,0.101368318,54.367825,27.1,4.014891892,0.068308324,0.345,1.683372414,0,1.837,3.10615625,0,2.704,4.403938776,0,0.04886162,0.005068255,0.002486765,0.112239638,0.137117404,0.099228266,0,0,0
16,Competition,FinalClaim,0.877159309,36.4408728,30.26445368,2.428591667,1.475,0.794655462,0.32448161,13.24686364,8.045454545,2.942857143,0.212057056,32.38122222,19.66666667,5.468,0.15010071,0.322,2.389,0,1.168,5.386,0,0,5.804,0,0.068503351,0.008015619,0,0.188542056,0.369624371,0.358479366,0,0,0
16,Competition,PrimaryClaim,0.91372549,9.30381955,7.937782553,12.21909023,1.894736842,0.767176923,0.061368904,62.50534615,9.692307692,2.662652174,0.037683546,116.0813571,18,4.025545455,0.027247515,0.32552,1.482064516,0,2.248,2.300692308,0,2.248,3.2848,0,0.015022715,0.001383266,0.001383266,0.028270813,0.018403964,0.010106212,0,0,0
17,Competition,Data,0.838998211,21.41457534,17.5034142,8.778538244,3.133144476,0.514939828,0.057994258,83.752,29.89189189,2.050909091,0.021840543,221.3445714,79,3.6385,0.011741551,0.3765,0.757406452,0.6135,5.2035,1.4554375,1.269,9.256,3.505541667,0,0.013850738,0.003358371,0.00298694,0.037884694,0.052603504,0.027149977,0.00118787,0.001638041,0
17,Competition,FinalClaim,0.8375,72.0768339,60.90492465,1.849877778,2.222222222,0.986325843,0.527260059,8.762578947,10.52631579,3.346388889,0.361795674,16.6489,20,5.361666667,0.289838968,0.747,1.269,0,5.426,2.785,0,7.464,3.848,0,0.152550619,0.097772225,0.089663581,0.20579738,0.418195797,0.577815952,0,0,0
17,Competition,PrimaryClaim,0.937106918,10.33318488,8.490323883,19.81795652,3.413043478,0.659909091,0.031850781,101.2917778,17.44444444,2.413714286,0.018533916,303.8753333,52.33333333,9.645,0.010579997,0.309125,0.506230769,0,0,1.032,0,0,0,0,0.005425471,0,0,0.007218969,0.001132043,0,0,0,0
18,Competition,Data,0.884753042,64.89887301,52.61815468,1.494451765,1.616470588,0.67864033,0.453038061,10.49821488,11.3553719,2.178655462,0.204096092,30.98253659,33.51219512,3.869076923,0.11878761,0.411944751,1.39756872,1.35325,1.519,2.517512953,2.307714286,2.65375,3.476794521,3.232,0.117394221,0.019132729,0.008356399,0.232142576,0.382497142,0.399605128,0.008522504,0.012716841,0.012721565
18,Competition,FinalClaim,0.877906977,18.70935554,14.70942435,4.386867925,1.367924528,0.893752381,0.201811582,18.60032,5.8,2.397125,0.123720452,51.66755556,16.11111111,4.6115,0.079336269,0.494,1.751,0,1.36,3.04,0,0,5.407,0,0.036119809,0.008774043,0,0.086607112,0.143825483,0.209299625,0,0,0
19,Competition,Data,0.7,12.91935571,10.76612976,5.725719178,1.232876712,0.676931034,0.117416607,33.4382,7.2,2.195666667,0.063036886,139.3258333,30,5.5338,0.033098672,0.731,0.913,1.568,3.306,2.122,1.368,8.552,3.013,0,0.043722449,0.027683308,0.020460431,0.024027609,0.015230485,0.010812783,0.001875699,0.001636452,0
19,Competition,FinalClaim,0.809090909,104.4188144,86.38283734,0.865849315,1.506849315,0.646472222,0.736405778,9.029571429,15.71428571,3.779666667,0.358789375,12.6414,22,4.94375,0.312860917,0.311,1.136,0,0,1.911,0,0,0,0,0.162371256,0,0,0.233645008,0.120935972,0,0,0,0
20,Competition,Data,0.859283388,65.82244548,52.88523176,1.883105624,2.065843621,0.680430536,0.360342924,12.257,13.44642857,2.1927,0.175699163,32.68533333,35.85714286,3.6454,0.106219187,0.366349206,1.247063291,2.182,1.7459,2.362344633,2.986333333,2.311,3.546,3.524,0.067250201,0.012717951,0.008417202,0.215295341,0.304589069,0.209228837,0.006357883,0.006526154,0.005134092
20,Competition,PrimaryClaim,0.759615385,8.561454062,6.982156711,15.19663158,2.168421053,0.53055914,0.034177934,120.3066667,17.16666667,1.678,0.011623074,360.92,51.5,2.96,0.004100632,0.368516129,1.247785714,3.56,1.529,2.952,3.56,0,3.659,3.56,0.007913111,0.001059099,0,0.024200654,0.038850715,0.030413942,0.00246592,0.00246592,0.00246592
21,Competition,Data,0.748582231,22.49757644,19.08623567,4.875378947,1.828070175,0.754492908,0.153126739,32.31355814,12.11627907,2.815425,0.08104957,69.47415,26.05,4.717529412,0.057717871,0.498446809,0.949048387,0.816,2.269333333,2.3249375,0,3.366,4.665,0,0.033720456,0.009799328,0.007267451,0.042347405,0.026771828,0.030216275,0.000587269,0,0
21,Competition,FinalClaim,0.710332103,197.5213013,169.3039726,0.592590164,1.950819672,0.4109,0.682029435,12.04933333,39.66666667,1.28,0.070819962,36.148,119,0,0,0.323,0.619,0,1.368,1.192,0,0,0,0,0.277000111,0.037844417,0,0.222612593,0.032975545,0,0,0,0
21,Competition,PrimaryClaim,0.7175,9.73456505,8.166080145,12.48688601,2.025906736,1.037455026,0.081361627,48.19938,7.82,2.993456522,0.057137249,109.5440455,17.77272727,5.508611111,0.041143683,0.45528,0.87676087,0.984,2.385,1.689,1.297,4.671,0,0,0.009445765,0.002968918,0.001938199,0.01673507,0.0126151,0,0.000408304,0.000538181,0
22,Competition,Data,0.819241983,46.7173276,38.31002643,2.353442068,1.832442068,0.927330948,0.392627024,14.35088043,11.17391304,3.7051,0.252566688,29.33957778,22.84444444,6.295953488,0.205051803,0.4726,1.706983871,0.544,2.1624,7.28688,1.336,3.335,11.48610526,2.144,0.075170361,0.024567497,0.015155865,0.160318902,0.551918872,0.495885346,0.000824067,0.001011906,0.001623897
22,Competition,FinalClaim,0.867383513,144.3361754,118.7576127,0.80097561,1.926829268,0.4364,0.531546894,8.21,19.75,1.397333333,0.127649208,32.84,79,0,0,0.306,0.703,0,0,1.184,0,0,0,0,0.121132765,0,0,0.21406821,0.036053593,0,0,0,0
22,Competition,PrimaryClaim,0.746606335,18.87402089,15.62871413,6.445440367,2.027522936,0.819813084,0.124858907,46.83686667,14.73333333,3.936615385,0.072842903,100.3647143,31.57142857,8.2096,0.058426909,0.353782609,1.2455,0,1.14,2.098428571,0,0,6.84,0,0.023164089,0.003245307,0,0.04963896,0.020908031,0.00973592,0,0,0
23,Competition,Data,0.840630473,104.4234953,85.72354312,0.982015152,1.709090909,0.577957447,0.586758829,13.50270833,23.5,3.286695652,0.233268017,32.4065,56.4,6.126777778,0.170154136,0.346,0.89,0.891,1.938,2.194,1.784,2.888,5.41,0,0.171897613,0.017940845,0.008911792,0.222455372,0.358823076,0.050082545,0.008248345,0.011010137,0
23,Competition,FinalClaim,0.857923497,172.2478982,142.9089705,0.615504854,1.766990291,0.445882353,0.717384103,10.56616667,30.33333333,1.8126,0.142956291,21.13233333,60.66666667,2.696,0.085051343,0.366,0.671,0,1.216,3.168,0,0,3.168,0,0.329069199,0.038361437,0,0.275186523,0.049970819,0.049970819,0,0,0
24,Competition,Data,0.931147541,200.9026551,164.7739423,0.930356021,3.115183246,0.410815789,0.439256491,22.21225,74.375,3.110142857,0.122516854,44.4245,148.75,5.653333333,0.09544283,0.275,0.725,1.379,0,1.838,1.72,0,2.674,2.576,0.156304517,0,0,0.342716294,0.744724195,0.421344078,0.023281072,0.029038031,0.014496505
24,Competition,FinalClaim,0.959537572,246.5713452,207.17829,0.571166667,2.347222222,0.364070423,0.628562397,13.708,56.33333333,1.916,0.093181597,20.562,84.5,2.136,0.051940473,0.316,0.956,0,0,2.288,0,0,2.398,0,0.315047174,0,0,0.557922381,0.89018578,0.932983173,0,0,0
25,Competition,Data,0.818950931,36.99207464,30.05804861,2.580506156,1.590971272,0.734880658,0.284002439,17.9652381,11.07619048,2.670873786,0.145837199,44.91309524,27.69047619,4.82435,0.102300209,0.413088,1.3591,0.4784,1.178571429,2.424074627,1.238,0,3.417496183,2.496,0.054746998,0.008747051,0,0.115278713,0.17219816,0.237332414,0.001268057,0.002625176,0.005292761
25,Competition,FinalClaim,0.831786543,11.3798452,9.353297427,6.636051724,1.25862069,0.904789474,0.13399378,38.4891,7.3,3.439888889,0.08043576,76.9782,14.6,6.34375,0.065927756,0.41,1.263,0,1.076,1.592,0,0,2.448,0,0.027696153,0.005591193,0,0.019688691,0.012408708,0.006360242,0,0,0
25,Competition,PrimaryClaim,0.834733894,11.18991956,9.224551254,8.487780269,1.582959641,0.634272727,0.073722445,65.26810345,12.17241379,2.454730769,0.033719275,157.73125,29.41666667,4.385666667,0.020853509,0.4294,1.14425,0,1.304,2.664214286,0,0,3.38775,0,0.020417641,0.004133613,0,0.026599569,0.019705987,0.00715933,0,0,0
26,Appearance,Data,0.838342811,70.43444608,58.10770135,1.906202186,2.237704918,0.508185388,0.265867339,24.05758621,28.24137931,2.267321429,0.090995743,61.55911765,72.26470588,3.842806452,0.056916594,0.380384181,0.857117333,1.207454545,2.049529412,2.156093664,2.313454545,3.528,2.755059633,2.734857143,0.096504078,0.016646839,0.010113664,0.153567828,0.373940879,0.286956584,0.006345885,0.012158566,0.009146636
26,Appearance,FinalClaim,0.839392545,101.3772284,83.8051755,1.318475248,2.227722772,0.51104,0.383761621,13.3166,22.5,2.087555556,0.141087064,26.6332,45,2.949,0.088581169,0.377,0.854,0,2.008,1.906,0,2.968,3.56,0,0.155707913,0.030157848,0.022287971,0.230869742,0.143129628,0.026733551,0,0,0
26,Appearance,PrimaryClaim,0.732432432,19.5134367,16.06676989,6.695431953,2.177514793,0.626988024,0.092535934,51.43309091,16.72727273,2.4367,0.043069195,161.6468571,52.57142857,5.7116,0.025238439,0.523858824,0.847836364,0,4.01975,1.63,0,11.872,3.876,0,0.039352097,0.014209989,0.010492007,0.041210646,0.059061729,0.140443719,0,0,0
27,Appearance,Data,0.742990654,36.00772635,30.1522189,3.882814465,2.330188679,1.005505529,0.25774154,22.24747748,13.35135135,4.111601852,0.179817127,42.57706897,25.55172414,6.784018182,0.151093554,0.957935484,1.905591133,0.7918,6.575210526,5.305652632,6.745,12.51133333,6.071421053,6.8122,0.072151514,0.050589398,0.045597638,0.156646973,0.408214718,0.467132624,0.001603178,0.013656777,0.013792838
27,Appearance,FinalClaim,0.87804878,62.68937415,54.85320238,3.646095238,3.80952381,1.2674,0.331052137,15.3136,16,5.18525,0.270883398,19.142,20,6.503,0.254793125,0.689,3.911,0,3.008,8.264,0,3.008,8.264,0,0.062989761,0.039285341,0.039285341,0.459709017,0.431720823,0.431720823,0,0,0
27,Appearance,PrimaryClaim,0.784172662,20.05062661,16.72105176,7.735136792,2.58490566,0.741435407,0.094496505,51.24528125,17.125,3.054551724,0.054018388,102.4905625,34.25,5.177461538,0.041044633,0.457059701,1.459128205,3.292,3.042666667,3.860710145,3.832,3.94,5.6629375,5.764,0.01867428,0.005566366,0.00480532,0.069403951,0.162447274,0.221013032,0.004015004,0.004673601,0.007029916
28,Appearance,Data,0.835766423,66.26751717,54.57037049,1.198377322,1.323558162,0.974670254,0.812529977,4.751705426,5.248062016,2.539315175,0.532329478,13.93113636,15.38636364,4.823172414,0.342281025,0.551,2.14,1.741,1.691,3.946,2.931,3.187,5.435,3.828,0.208095829,0.073105535,0.025996378,0.310716675,0.54718828,0.727066577,0.011361078,0.019126548,0.024980015
28,Appearance,FinalClaim,0.757575758,5.710945831,4.506293195,11.59298276,1.103448276,0.929408696,0.079478817,48.02807143,4.571428571,2.61237037,0.052449981,168.09825,16,6.449142857,0.033569653,0.465,2.174,0,1.233,3.332,0,0,6.12,0,0.017980556,0.005501247,0,0.025865825,0.039643482,0.01365273,0,0,0
29,Appearance,Data,0.857551897,84.40850636,69.86806293,2.190856018,3.082114736,0.573080045,0.260989664,18.72760577,26.34615385,2.289509804,0.119902181,39.74838776,55.91836735,3.359085106,0.081059378,0.326197605,0.946212121,0.798,1.556,2.258627451,1.692,2.48,3.551636364,0,0.055938606,0.004793417,0.001273316,0.192383621,0.236569729,0.100294146,0.005326362,0.005212379,0
29,Appearance,FinalClaim,0.665836653,111.0005597,94.77022573,1.276269841,2.361111111,0.943884462,0.736630185,7.844390244,14.51219512,4.13215,0.513917045,14.61909091,27.04545455,6.642095238,0.433691935,0.438,1.312,1.192,2.439,2.75,1.976,4.917,6.282,0,0.141632983,0.053084385,0.030576457,0.318189167,0.316367141,0.136726572,0.007412474,0.006143897,0
29,Appearance,PrimaryClaim,0.729323308,13.71187575,11.21880743,14.4400375,3.3,0.697705128,0.047109469,77.01353333,17.6,2.474615385,0.027847919,144.400375,33,3.741166667,0.019431217,0.289,0.824931034,0,0,2.429333333,0,0,3.344,0,0.007255002,0,0,0.020708914,0.012617696,0.008684188,0,0,0
30,Appearance,Data,0.880890052,29.80223255,24.49912892,2.273197861,1.129106188,0.523658499,0.229834091,26.33288496,13.07964602,2.1949,0.081139166,85.0176,42.22857143,4.22134375,0.045396651,0.332042408,1.045197044,1.047,1.6801,1.863168539,1.521,2.504,2.782,0,0.081570673,0.005646226,0.002524519,0.071304563,0.055726949,0.006544527,0.0017593,0.001022309,0
30,Appearance,FinalClaim,0.849493488,113.9902462,94.01257418,0.615144578,1.168674699,0.505682927,0.812151125,4.641545455,8.818181818,1.7519,0.34312631,17.019,32.33333333,3.5035,0.137238772,0.294,0.95,0.8,0,1.709,1.304,0,0,0,0.293671779,0,0,0.260493174,0.46861351,0,0.015668762,0.025540083,0
30,Appearance,PrimaryClaim,0.953051643,12.9158896,10.89586896,6.28325641,1.352564103,0.494188312,0.077643268,89.108,19.18181818,3.332444444,0.030598212,140.0268571,30.14285714,4.8096,0.024534069,0.29,1.2955,0,0,3.313,0,0,4.71775,0,0.031065469,0,0,0.039650557,0.023659747,0.019252429,0,0,0
31,Appearance,Data,0.911557789,127.6821902,105.0299437,0.967331243,2.058516196,0.495542364,0.511742549,13.61376471,28.97058824,2.734238806,0.197890111,37.78514286,80.40816327,5.206404255,0.13216565,0.295311741,1.518321951,0.776315789,1.589,3.27195186,2.512,2.864,4.930712687,4.029,0.157587044,0.007724124,0.003093755,0.50433817,0.807617939,0.713719138,0.007966634,0.017637858,0.010880532
31,Appearance,FinalClaim,0.865853659,226.6156859,190.2452672,0.549897436,2.076923077,0.362526316,0.642357549,7.148666667,27,1.308,0.121980789,21.446,81,0,0,0.301,0.715,0,0,1.308,0,0,0,0,0.336846032,0,0,0.166697752,0.121980789,0,0,0,0
31,Appearance,PrimaryClaim,0.952380952,18.77783259,15.64819383,7.303444444,2.285714286,0.518180328,0.068697744,115.02925,36,6.908,0.030027145,115.02925,36,6.908,0.030027145,0.281323529,1.134888889,0.496,0,6.908,0,0,6.908,0,0.020788191,0,0,0.044397403,0.030027145,0.030027145,0.001077987,0,0
32,Appearance,Data,0.574669187,51.14176684,42.48775849,2.55661875,2.179166667,1.914235908,0.747177465,13.94519318,11.88636364,8.719724138,0.618179774,21.15822414,18.03448276,12.54489474,0.582686116,0.905,2.652,1.092,4.54,9.14,6.41,6.972,15.437,15.268,0.099557766,0.066591861,0.05681332,0.287420641,0.782038777,1.320824135,0.003559389,0.015670111,0.037324689
33,Appearance,Data,0.858299595,12.11068462,9.974982977,5.796053398,1.169902913,0.961836585,0.165141245,46.82301961,9.450980392,5.342979592,0.109635197,108.5442727,21.90909091,11.16565,0.093515675,0.33052381,2.264059701,0,1.41775,3.772431818,0,0,10.851,0,0.026159833,0.002374816,0,0.063523305,0.069509551,0.040896174,0,0,0
33,Appearance,FinalClaim,0.891472868,5.513999553,4.515401209,15.02105435,1.380434783,0.906692308,0.059705327,81.29041176,7.470588235,3.526875,0.040833989,197.4195714,18.14285714,7.221,0.031351646,0.3,2.357,0,0,4.198,0,0,5.945,0,0.008683464,0,0,0.030700386,0.024302121,0.021509664,0,0,0
33,Appearance,PrimaryClaim,0.871657754,11.42836551,9.482454628,7.275411985,1.38576779,0.710992453,0.096993362,58.86469697,11.21212121,3.399709677,0.054254363,114.2667647,21.76470588,5.638266667,0.043537954,0.336382979,1.368574074,0,1.2816,2.599,0,0,4.812774194,0,0.024416548,0.003298782,0,0.038044617,0.05485564,0.076804794,0,0,0
34,Appearance,Data,0.951231527,84.39311155,69.96188948,1.400903448,1.97044335,0.483363277,0.344356949,16.15814773,22.72727273,2.075918605,0.125555148,49.03162069,68.96551724,3.669407407,0.069676359,0.30926465,0.947976667,1.4075,1.3622,2.449696296,2.511181818,2.24,3.416350649,3.663666667,0.115056645,0.014370037,0.003150676,0.200006751,0.465159359,0.555009188,0.01187833,0.019426591,0.023189117
34,Appearance,FinalClaim,0.987951807,5.218310041,4.187532749,19.40283333,1.6875,0.983361702,0.049625484,84.66690909,7.363636364,3.3649,0.036129818,465.668,40.5,20.935,0.022478461,0.386,0.617,0,1.488,1.424,0,0,0,0,0.007045792,0.001597705,0,0.008612359,0.003057973,0,0,0,0
34,Appearance,PrimaryClaim,0.958860759,28.44632342,23.73546731,4.300649351,2.038961039,0.476392157,0.110052846,60.20909091,28.54545455,2.61,0.039408123,110.3833333,52.33333333,3.6944,0.027890684,0.274,0.835,0.632,0,2.344,2.216,0,2,0,0.035992753,0,0,0.051691077,0.067244451,0.00301978,0.00095425,0.003345916,0
35,Appearance,Data,0.795430945,110.3533192,91.19155035,2.022509728,3.719844358,1.269896686,0.626660061,13.15911392,24.20253165,6.449038462,0.48387795,22.11851064,40.68085106,9.969456522,0.441139125,0.346,0.843,2.502,2.16,3.35,4.615,2.96,5.04,9.031,0.054584107,0.008311129,0.005694662,0.229488154,0.870071279,0.761160865,0.019254115,0.035514684,0.026061737
35,Appearance,FinalClaim,0.956521739,49.63081003,41.60229664,4.326684211,3.578947368,0.653777778,0.143150827,27.40233333,22.66666667,3.48,0.084664323,41.1035,34,5.912,0.071916017,0.259,1.224,0,0,3.48,0,0,5.912,0,0.02835525,0,0,0.134003187,0.084664323,0.071916017,0,0,0
36,Appearance,Data,0.876692801,64.48215655,52.74972978,1.451356425,1.559776536,0.740234899,0.509459846,8.958372414,9.627586207,2.544506944,0.282077871,24.05488889,25.85185185,4.642509434,0.189422494,0.414,1.359,2.194,1.907,3.138,2.497,5.197,4.133,3.524,0.111869151,0.022021396,0.008001761,0.214474766,0.480738496,0.629989746,0.015201345,0.01730071,0.024416381
36,Appearance,FinalClaim,1,8.760899365,7.453302445,13.90475758,2.03030303,1.06696875,0.074408803,41.71427273,6.090909091,2.6887,0.058595597,114.71425,16.75,5.504,0.035985067,0.547,2.9,0,1.374,3.941,0,0,5.504,0,0.020265573,0.011977588,0,0.056880466,0.077298592,0.035985067,0,0,0
37,Appearance,Data,0.825159915,199.5348441,164.4354313,0.762313514,2.535135135,0.433243902,0.566791701,12.26330435,40.7826087,1.859136364,0.145010211,40.29371429,134,3.2865,0.069911649,0.331,0.6,0.479,1.166,2.045,1.873,0,3.512,0,0.172508296,0.020669654,0,0.302067675,0.826537992,0.037354284,0.018680688,0.059764728,0
37,Appearance,FinalClaim,0.987951807,270.5492476,224.9144347,0.557787879,2.515151515,0.34546875,0.600586733,9.2035,41.5,1.664,0.090400391,18.407,83,0,0,0.344,0.43,0,1.664,0,0,0,0,0,0.299016678,0.090400391,0,0.303688814,0,0,0,0,0
38,Appearance,Data,0.608411893,63.22791688,51.98426202,1.06548538,1.122807018,0.584789298,0.548389272,12.0319434,12.67924528,3.204933333,0.263855805,25.00756863,26.35294118,5.18282,0.203186329,0.33,0.924,0,1.79,3.403,0,2.812,4.501,0,0.161198257,0.01684196,0.008819291,0.138376931,0.456264221,0.599951701,0,0,0
38,Appearance,FinalClaim,0.6,42.81424918,35.58586944,1.205675978,0.860335196,0.567421348,0.467995885,11.98977778,8.555555556,2.666294118,0.210026133,26.977,19.25,4.517714286,0.146532231,0.331,1.073,0,1.464,2.308,0,0,5.736,0,0.122697112,0.013567113,0,0.089492901,0.085554361,0.026578196,0,0,0
39,Appearance,Data,0.807896735,47.82629255,38.83583386,1.969036276,1.569528416,0.725610909,0.367619487,16.7875567,13.3814433,3.509073684,0.204718394,42.85244737,34.15789474,7.032055556,0.155462471,0.37604607,1.056238095,0.66525,2.380285714,3.395421053,2.02275,3.9386,7.581338983,3.688,0.085213459,0.020464347,0.012093518,0.122592642,0.356558276,0.274687376,0.003268253,0.009937405,0.00226481
39,Appearance,FinalClaim,0.784582893,16.74514898,12.58423317,6.289531915,1.755319149,0.55044086,0.086585952,53.74690909,15,1.8152,0.030702823,147.804,41.25,2.770666667,0.014059159,0.354,0.822,0,2.728,2.21,0,2.728,0,0,0.024549403,0.004614219,0.004614219,0.029197451,0.037380585,0,0,0,0
40,Appearance,Data,0.735818476,36.99715426,30.4911717,2.446497555,1.508557457,0.727802696,0.296760251,16.53913223,10.19834711,2.787033613,0.165726164,48.81060976,30.09756098,5.727333333,0.111614078,0.361614958,1.147098266,0.7,1.601307692,4.040416107,3.936,2.688,7.784571429,8.06,0.06523122,0.010402077,0.004029512,0.099162767,0.30082524,0.217833488,0.002098704,0.011800713,0.008055026
40,Appearance,FinalClaim,0.798664122,57.90241939,49.46437837,1.356638158,1.309210526,1.14786755,0.840545272,5.426552632,5.236842105,3.544243243,0.635942175,9.81947619,9.476190476,5.37645,0.521456386,0.778,2.268,3.164,2.958,4.313,3.164,4.547,4.487,3.808,0.294283955,0.200825376,0.154353108,0.2419681,0.35556644,0.36991111,0.030687312,0.030687312,0.036933403
41,Appearance,Data,0.757511861,23.07324818,18.76689433,3.403456627,1.308813324,0.65973783,0.193439906,33.82331724,13.00689655,3.319725352,0.096118348,62.87667949,24.17948718,5.086426667,0.077783924,0.346303311,2.101728188,3.054923077,1.940923077,4.533717647,5.013083333,3.0046,4.995620833,5.471272727,0.053311315,0.005144788,0.00306318,0.127705209,0.235727608,0.244464898,0.008097658,0.012265972,0.012271477
41,Appearance,PrimaryClaim,0.793269231,6.541994837,5.315370805,13.43433099,1.464788732,0.660464286,0.048469996,100.4039474,10.94736842,2.788235294,0.024847,190.7675,20.8,4.391,0.018414038,0.454873239,1.178411765,1.128,3.917333333,2.8265,1.464,5.372,4.9,0,0.016929508,0.006160378,0.005631987,0.021002529,0.017779758,0.010274287,0.000591296,0.000767426,0
42,Appearance,Data,0.83347864,121.3284911,98.27661015,0.879113105,1.777691108,0.490200625,0.55717319,12.80707955,25.89772727,2.456793103,0.189650965,53.6677619,108.5238095,6.09075,0.108085638,0.324,0.779,0.648,1.866,2.19,2.172,3.032,3.189,2.339,0.152366012,0.013245515,0.005380547,0.244685335,0.270100965,0.124501452,0.009199457,0.007708805,0.006226137
42,Appearance,FinalClaim,0.989130435,50.45721071,41.3083758,1.865698276,1.568965517,0.72053913,0.38287412,16.64776923,14,4.2435,0.2352914,30.91728571,26,7.088,0.196505884,0.33,1.473,0,1.584,5.742,0,0,8.648,0,0.094537961,0.014638136,0,0.197379182,0.132658106,0.119877461,0,0,0
43,Appearance,Data,0.809589041,70.9029016,57.96725563,0.896656977,1.059593023,0.658618632,0.733459232,8.688732394,10.26760563,3.1189,0.353903388,26.82173913,31.69565217,7.154909091,0.255159669,0.453,1.219,2.32,5.074,5.683,2.32,9.013,9.355,0,0.270962879,0.065799968,0.05844059,0.239097098,0.783036148,0.652074891,0.003760739,0.003760739,0
43,Appearance,FinalClaim,0.891304348,83.58739324,67.83904379,0.761984615,1.061538462,0.727007752,0.946758465,4.502636364,6.272727273,2.56547619,0.543873286,11.00644444,15.33333333,4.8095,0.388418906,0.396,1.478,0,1.077,3.746,0,0,3.855,0,0.287831372,0.032617255,0,0.358093238,0.907589493,0.895081669,0,0,0
44,Appearance,Data,0.946091644,45.71696149,36.84466707,1.457811377,1.110778443,0.643565217,0.440798999,12.64698701,9.636363636,2.824394737,0.220425172,31.41348387,23.93548387,5.173,0.159362427,0.428,1.709,0,2.169,5.311,0,3.45,10.85,0,0.165254699,0.042318996,0.028342052,0.22463335,0.670816313,0.57936904,0,0,0
44,Appearance,FinalClaim,0.95631068,107.7650095,87.36289605,0.623336957,1.119565217,0.594355191,0.948323365,6.036526316,10.84210526,2.707944444,0.424982998,12.74377778,22.88888889,4.513,0.314785429,0.36,1.683,0,1.288,2.725,0,0,4.513,0,0.338988962,0.011229881,0,0.572279282,0.689007272,0.314785429,0,0,0
44,Appearance,PrimaryClaim,0.986842105,9.13503627,7.692662122,7.234449275,1.101449275,0.603058824,0.082151221,83.19616667,12.66666667,3.3952,0.034007977,83.19616667,12.66666667,3.3952,0.034007977,0.362,2.156,0,0,3.761,0,0,3.761,0,0.029007747,0,0,0.051829311,0.082878418,0.082878418,0,0,0
45,Appearance,Data,0.750491159,81.96595993,67.61247386,1.001734234,1.368468468,0.652839495,0.651122153,9.266041667,12.65833333,3.007865546,0.321906603,27.12012195,37.04878049,6.2859,0.226126762,0.413,0.794,1.808,1.85,4.53,1.808,5.267,13.308,11.895,0.157485442,0.038266969,0.014210491,0.148528003,0.749618904,2.118412663,0.001626009,0.001626009,0.010697664
45,Appearance,FinalClaim,0.7593361,82.35841417,68.91917504,0.97272067,1.335195531,0.867483146,0.886828971,7.914409091,10.86363636,4.828333333,0.582338313,21.764625,29.875,11.70557143,0.470597357,0.432,1.858,0,1.865,10.134,0,4.968,10.966,0,0.196006134,0.074978319,0.028532538,0.36281351,1.22224711,1.259612789,0,0,0
46,Appearance,Data,0.831944444,30.45310529,25.1737086,3.737665775,1.897058824,0.690150538,0.183660053,28.52830612,14.47959184,3.053595745,0.102668528,59.48455319,30.19148936,5.098395349,0.078415137,0.39071,1.894206422,1.469,2.909846154,4.181984615,1.672333333,5.3742,7.874301887,2.629,0.055900083,0.013530421,0.009611292,0.147700422,0.194457063,0.149274584,0.003678051,0.003588988,0.001880696
46,Appearance,FinalClaim,0.757225434,64.29377115,51.51021431,1.645154639,1.762886598,0.556739583,0.334922923,12.27538462,13.15384615,1.898833333,0.142787317,39.895,42.75,2.898666667,0.054493044,0.416,1.008,0,1.605,1.86,0,2.152,2,0,0.14076952,0.050288257,0.013485399,0.202130593,0.046622384,0.012532899,0,0,0
46,Appearance,PrimaryClaim,0.765060241,6.143027005,5.163157667,18.72998824,1.917647059,0.517493976,0.026979069,122.4653077,12.53846154,1.757181818,0.012140958,318.4098,32.6,2.413333333,0.004547599,0.325613636,0.705142857,0,1.112,1.94,0,0,2.448,0,0.008999095,0.001396942,0,0.009301221,0.002437111,0.001537641,0,0,0
47,Appearance,Data,0.860322333,89.5425304,74.38811451,0.996636782,1.487356322,0.622337169,0.623719544,8.179943396,12.20754717,2.500038095,0.30274694,24.08538889,35.94444444,4.884628571,0.197171176,0.397,1.324,1.571,1.683,2.587,2.216,3.12,3.283,3.332,0.203748469,0.044643248,0.017991544,0.279436357,0.477375633,0.586876091,0.005435522,0.005111444,0.007685619
47,Appearance,FinalClaim,0.89375,142.5093256,120.1724408,0.733918033,1.743169399,0.524307692,0.710491635,5.839434783,13.86956522,1.839363636,0.301294795,14.923,35.44444444,2.761,0.164459038,0.375,0.902,0,1.978,2.733,0,3.856,3.062,0,0.284795282,0.058909811,0.028710343,0.302218053,0.345931336,0.319179194,0,0,0
48,Appearance,Data,0.865591398,107.1146344,88.59885752,1.18338339,2.112627986,0.690022779,0.582429816,10.19798039,18.20588235,3.092712871,0.300293984,24.19055814,43.18604651,5.562595238,0.224601372,0.374,1.177,0.888,1.923,2.702,0,4.546,3.586,0,0.140583391,0.029579098,0.013111016,0.306641838,0.56887273,0.741198276,0.000853687,0,0
48,Appearance,FinalClaim,0.930555556,47.42145821,40.17651321,2.760545455,2.181818182,0.4424375,0.155415048,30.366,24,1.832,0.040220422,45.549,36,2.664,0.029243233,0.326,1.074,0,0,1.637,0,0,2.664,0,0.075149839,0,0,0.117895014,0.053908977,0.029243233,0,0,0
49,Appearance,Data,0.821886792,42.32733136,34.93684493,2.318150803,1.635352287,0.665245353,0.286262973,23.4423,16.5375,3.208294872,0.133437739,55.15835294,38.91176471,5.9201875,0.101017178,0.375868217,1.220446809,3.5378,1.378,2.628403727,4.3936,2.208,3.187924051,7.632,0.077563315,0.008817394,0.001177359,0.122345077,0.225646054,0.134290364,0.009432202,0.011713868,0.008139133
49,Appearance,FinalClaim,0.811827957,83.81343225,70.08128798,1.151909091,1.609090909,0.506990826,0.436129745,15.83875,22.125,2.467428571,0.136311262,63.355,88.5,9.576,0.075574146,0.351,0.845,0,1,1.541,0,0,0,0,0.157895983,0.007892037,0,0.160050509,0.194586063,0,0,0,0
49,Appearance,PrimaryClaim,0.817142857,8.691067321,7.399823033,10.41497414,1.50862069,0.506324561,0.047776866,100.6780833,14.58333333,1.6864,0.013958682,302.03425,43.75,3.052,0.005052407,0.416474576,1.147285714,0,1.472,2.4175,0,2.256,3.848,0,0.020338753,0.004873619,0.001867338,0.019942275,0.020010148,0.003185069,0,0,0
50,Appearance,Data,0.920495988,107.7947965,88.51762484,0.586133743,1.053036126,0.502106923,0.855983791,8.472888889,15.22222222,2.054247191,0.23975556,31.77333333,57.08333333,4.227913043,0.127520457,0.391,1.074,1.445,1.767,2.676,2.568,4.701,4.257,3.951,0.355333351,0.041709505,0.018494282,0.299992132,0.498310953,0.748056546,0.017054396,0.026940831,0.036268621
50,Appearance,FinalClaim,0.887323944,110.6637226,95.07728276,0.549928571,1.014285714,0.512,0.917729575,6.415833333,11.83333333,2.411,0.313157553,9.62375,17.75,3.215666667,0.250603975,0.379,1.257,0,1.176,3.348,0,0,3.348,0,0.403662813,0.030549422,0,0.326535914,0.173944668,0.173944668,0,0,0
51,Appearance,Data,0.87173913,64.21304177,52.66036428,1.600296786,1.712665406,0.527799242,0.329189883,14.85187719,15.89473684,1.897714286,0.12553437,60.46835714,64.71428571,3.697615385,0.056781764,0.317,0.919,0.416,1.414,1.87,1.585,2.128,3.708,0,0.085001955,0.00668118,0.002513711,0.143295726,0.267282652,0.01752038,0.000982804,0.00374458,0
51,Appearance,FinalClaim,0.955223881,10.14588554,8.76235569,11.1516,1.885714286,0.440176471,0.038344273,130.102,22,2.424,0.012421024,195.153,33,3.808,0.009756448,0.257,0.646,0,0,4.19,0,0,4.19,0,0.011852239,0,0,0.014896005,0.096616501,0.096616501,0,0,0
52,Competition,Data,0.832871012,40.85800853,33.44507431,3.660872792,2.492932862,1.570588652,0.427504302,15.69737879,10.68939394,5.508046154,0.34557304,31.39475758,21.37878788,9.748203125,0.301094952,0.548325967,2.338287736,1.552,2.280421053,5.800179104,3.9154,3.718571429,6.444582915,3.9154,0.047897883,0.020910652,0.012562414,0.239239421,0.562647499,0.618937537,0.003745076,0.009448113,0.009448113
52,Competition,FinalClaim,0.858575727,108.549901,91.94815146,2.34915,4.25,1.891105263,0.764765979,9.3966,17,7.62425,0.649107124,11.74575,21.25,9.800333333,0.625779537,0.315,0.857,0,0,2.468,0,0,3.84,0,0.053636422,0,0,0.200647043,0.105059277,0.08173169,0,0,0
52,Competition,PrimaryClaim,0.942857143,25.97512892,21.93593423,6.658889655,2.882758621,1.558468531,0.23081512,30.17309375,13.0625,6.012866667,0.186824147,53.64105556,23.22222222,10.03225,0.166244968,0.427684211,1.910912281,0,1.73575,4.248357143,0,2.512,5.381157895,0,0.025248074,0.007190802,0.002601656,0.112809529,0.123199581,0.105891114,0,0,0
53,Competition,Data,0.791201117,141.4040932,118.8715713,1.711811429,4.034285714,0.747275072,0.435293273,10.69882143,25.21428571,2.809381818,0.257898901,21.39764286,50.42857143,4.279222222,0.192843337,0.446,0.997,0.515,2.519,2.321,1.901,3.355,2.8,2.411,0.101239456,0.033635213,0.027998745,0.327821489,0.732171768,0.878601448,0.006876592,0.025383303,0.032193132
53,Competition,FinalClaim,1,32.22311731,26.66740743,7.1998,3.866666667,0.748642857,0.097048992,35.999,19.33333333,3.328,0.061631342,35.999,19.33333333,3.328,0.061631342,0.27,1.191,0,0,3.328,0,0,3.328,0,0.012500347,0,0,0.088224673,0.061631342,0.061631342,0,0,0
53,Competition,PrimaryClaim,1,30.47137349,25.80738775,11.35105882,5.764705882,0.437,0.036233987,96.484,49,1.808,0.009369429,192.968,98,0,0,0.401,0.497,0,0,1.808,0,0,0,0,0.020780648,0,0,0.030906679,0.009369429,0,0,0,0
54,Appearance,Data,0.720711974,127.0269565,102.9157399,0.768613516,1.627243928,0.535191231,0.695939699,10.62594161,22.49635036,2.890169118,0.270006471,25.99560714,55.03571429,5.120309091,0.193450954,0.383,0.829,1.121,2.548,2.487,2.907,5.981,3.424,3.696,0.222577441,0.045507689,0.028759667,0.262523064,0.702149539,0.832624193,0.008470525,0.019969033,0.022850014
54,Appearance,FinalClaim,0.845588235,66.37712038,55.56010817,1.649054054,1.824324324,0.426917808,0.255388019,40.67666667,45,2.384,0.039072359,61.015,67.5,3.264,0.026747521,0.34,0.837,0,0,3.264,0,0,3.264,0,0.125379005,0,0,0.109743506,0.026747521,0.026747521,0,0,0
55,Competition,Data,0.763500931,66.75415794,56.28044318,4.952875,5.510416667,0.575404255,0.113755479,39.623,44.08333333,2.336,0.049129714,67.92514286,75.57142857,3.2096,0.033751441,0.345391304,0.6726,0.384,0,2.54,0,0,3.541333333,0,0.016707468,0,0,0.070729122,0.032052091,0.022343925,0.000807612,0,0
55,Competition,FinalClaim,0.771208226,208.3956526,175.4910759,1.280297872,4.446808511,0.535065217,0.409030478,12.0348,41.8,1.734,0.115265729,20.058,69.66666667,2.2,0.073121282,0.531,0.531,0,2.048,0,0,2.048,0,0,0.123541729,0.034034633,0.034034633,0.052946455,0,0,0,0,0
55,Competition,PrimaryClaim,0.777493606,65.08774824,55.02263253,4.645077922,5.038961039,0.74464,0.156143495,29.80591667,32.33333333,3.4167,0.095526336,89.41775,97,11.7795,0.065867795,0.413538462,0.7506,0,1.228,2.5714,0,0,7.264,0,0.030061146,0.006866646,0,0.073450182,0.035946442,0.020309167,0,0,0
56,Appearance,Data,0.835471277,97.95481386,80.5160977,0.974225806,1.590501792,0.645012556,0.661483799,6.51039521,10.62874251,2.115885542,0.323054976,20.90838462,34.13461538,3.895921569,0.182749651,0.387,1.057,1.57,1.611,2.116,1.651,2.55,4.205,3.526,0.186517003,0.032598258,0.009381588,0.251797218,0.496285995,0.974636601,0.005776115,0.006074118,0.012972345
56,Appearance,FinalClaim,0.714285714,139.5524265,118.1795323,0.769741935,1.790322581,0.549196721,0.70197385,6.817714286,15.85714286,1.82,0.22881569,15.908,37,2.76,0.115665074,0.401,0.925,0,1.088,3.67,0,0,3.67,0,0.277281871,0.022797754,0,0.251969659,0.845905624,0.845905624,0,0,0
57,Competition,Data,0.884030418,160.4121358,133.2654667,1.581292683,4.227642276,0.618516393,0.387966005,12.9666,34.66666667,2.532285714,0.182273431,27.78557143,74.28571429,4.0965,0.12637083,0.305,0.73,0.624,1.24,1.778,0,0,2.312,0,0.045475812,0.006375354,0,0.255219821,0.063990046,0.035660852,0.009624728,0,0
57,Competition,FinalClaim,0.97761194,118.7111362,99.96727262,2.800916667,5.541666667,0.797173913,0.272752968,16.8055,33.25,4.029,0.179807206,33.611,66.5,9.727,0.144699652,0.385,1.065,0,1.296,9.727,0,0,9.727,0,0.051545625,0.019279403,0,0.237645414,0.144699652,0.144699652,0,0,0
58,Appearance,Data,0.871428571,39.24052637,32.68460308,1.38789011,0.907692308,1.118740088,0.804300939,8.309078947,5.434210526,4.793573333,0.569317012,21.77551724,14.24137931,10.56264286,0.468343125,0.426,1.328,1.256,1.568,2.329,0,2.888,4.653,0,0.158529826,0.042211278,0.013719932,0.12617777,0.173340829,0.022104863,0.001988947,0,0
58,Appearance,FinalClaim,0.923913043,101.8504701,83.94269512,0.66182716,1.12345679,0.5706875,0.851645277,3.829142857,6.5,1.512615385,0.366810924,13.402,22.75,2.541333333,0.142217579,0.427,1.447,0,1.077,1.938,0,0,2.541,0,0.390296224,0.060270855,0,0.404883599,0.397664528,0.142198926,0,0,0
59,Competition,Data,0.914863922,62.49813734,51.46392328,1.614696009,1.681924883,0.812311765,0.501893189,13.10210476,13.64761905,4.089300971,0.306165276,26.97492157,28.09803922,7.087122449,0.252426909,0.326558673,1.370138393,1.3536,1.37,3.198112676,3.5056,2.048,5.433698113,5.858,0.093050117,0.010954256,0.001488674,0.223091019,0.495157085,0.418669192,0.004919602,0.012740955,0.012774392
59,Competition,FinalClaim,0.910122164,107.6769691,94.30531934,0.827718447,1.485436893,0.688970588,0.82429183,7.750454545,13.90909091,4.0086,0.470189432,12.17928571,21.85714286,5.641,0.396997244,0.354,2.789,0,1.676,4.608,0,0,4.608,0,0.282352941,0.039317342,0,0.556131605,0.64859539,0.64859539,0,0,0
59,Competition,PrimaryClaim,0.893772894,29.7059869,24.48295624,3.15088,1.56,0.566300578,0.17767372,23.97408696,11.86956522,1.974952381,0.075215269,55.1404,27.3,2.915875,0.042304735,0.360611765,1.1958,0,1.404,2.85175,0,0,3.34476,0,0.055589006,0.005092455,0,0.097589064,0.16549753,0.151647431,0,0,0
60,Appearance,Data,0.823446328,79.534774,64.93093131,2.153653226,2.85483871,1.295418182,0.600285337,15.94346269,21.13432836,7.335454545,0.453224641,31.418,41.64705882,13.33078788,0.411824619,0.311,1.008,0.418,1.195,2.21,1.38,0,4.28,4.018,0.036683729,0.002237384,0,0.180233886,0.347571456,0.66511142,0.00195654,0.005167514,0.015045703
60,Appearance,FinalClaim,0.889952153,62.65196832,50.71826007,3.528263158,3.684210526,1.934553571,0.538682618,20.1111,21,10.00655556,0.44780743,25.138875,26.25,12.42028571,0.432308526,0.243,2.516,0.552,0,3.56,2.2,0,3.56,2.2,0.018124319,0,0,0.387825629,0.495646683,0.495646683,0.002744753,0.010939233,0.010939233
61,Appearance,Data,0.906380028,62.82271945,52.67222737,5.208965517,5.454022989,0.92269112,0.175777837,37.24767123,39,4.491652174,0.1139812,71.55473684,74.92105263,7.775117647,0.097221854,0.730373494,1.083579082,0.800888889,4.067117647,2.398138889,1.268,7.149,3.086948905,2.372,0.044589346,0.025428086,0.021033585,0.156215705,0.127003251,0.15553496,0.002650897,0.000932668,0.001744708
61,Appearance,FinalClaim,0.873015873,222.2222222,186.4376454,1.728556701,6.402061856,0.83875,0.480229021,9.315,34.5,3.008705882,0.305051589,27.945,103.5,6.7166,0.200292241,0.513,0.885,0.442,1.612,2.546,2.296,2.32,2.708,2.612,0.100966184,0.038456492,0.013836703,0.369475756,0.98699827,0.807538618,0.010544522,0.054774259,0.031156438
61,Appearance,PrimaryClaim,0.942528736,10.61272126,8.620890877,28.77425373,5.089552239,1.110793651,0.036299034,137.7053571,24.35714286,5.1357,0.026639175,192.7875,34.1,7.621,0.023718343,0.38295,1.780487179,0,1.3675,9.7338,0,0,9.7338,0,0.003972768,0.00141866,0,0.036018414,0.025244894,0.025244894,0,0,0
62,Competition,Data,0.869591712,189.1437667,156.0726173,1.199691415,3.781902552,0.625902326,0.520508948,9.233339286,29.10714286,2.299727273,0.244620136,25.85335,81.5,4.073315789,0.149676928,0.323,0.979,0.878,1.389,2.261,1.715,0,4.735,0,0.093076913,0.013431528,0,0.471449541,0.773975133,0.201463253,0.011886274,0.009950355,0
62,Competition,FinalClaim,0.901694915,240.033338,201.6946798,1.013943662,4.056338028,0.4615,0.448742881,23.99666667,96,3.32,0.092235033,35.995,144,4.704,0.065342409,0.354,0.656,1.08,0,4.704,0,0,4.704,0,0.122933741,0,0,0.373607445,0.065342409,0.065342409,0.015002084,0,0
63,Competition,Data,0.879785605,55.53482704,46.37266102,3.221155452,2.981438515,0.57511215,0.177299437,28.33302041,26.2244898,2.372565217,0.078611673,63.10536364,58.40909091,3.729894737,0.051045942,0.405016043,1.462826816,2.386777778,1.636357143,3.677482759,3.36725,3.548,3.917896552,3.802125,0.054553784,0.016501263,0.005111221,0.188606645,0.384087075,0.409196596,0.01547268,0.019403336,0.021909246
63,Competition,FinalClaim,0.87012987,11.83557889,9.811071976,19.26395,3.8,0.315789474,0.01557313,385.279,76,0,0,385.279,76,0,0,0.315,0.546,0,0,0,0,0,0,0,0.008993483,0,0,0.014171548,0,0,0,0,0
63,Competition,PrimaryClaim,0.824561404,26.76312741,22.41293709,6.408636364,2.858585859,0.630123711,0.096337802,48.80423077,21.76923077,2.916727273,0.050569386,158.61375,70.75,8.891,0.028027204,0.41806,0.645636364,0,1.68,1.659,0,0,0,0,0.032946387,0.007943826,0,0.033581578,0.018303899,0,0,0,0
64,Appearance,Data,0.833107191,97.26646407,78.2974856,1.668296758,2.704488778,0.62622375,0.374431043,23.47322807,38.05263158,4.475927273,0.183991617,60.817,98.59090909,9.94035,0.148588089,0.313173913,0.577412141,0.412,1.163,1.629066667,0,0,2.850666667,0,0.075369178,0.004346123,0,0.135077363,0.018263434,0.006391754,0.003387211,0,0
64,Appearance,FinalClaim,0.830102623,14.16434882,11.25884137,8.694921053,2.052631579,0.558324324,0.062522888,165.2035,39,7.003,0.021195072,165.2035,39,7.003,0.021195072,0.334,0.518,0,0,0,0,0,0,0,0.015163117,0,0,0.021948688,0,0,0,0,0
64,Appearance,PrimaryClaim,0.897196262,34.15351899,27.3872558,7.759083333,4.416666667,0.301913043,0.037289628,186.218,106,0,0,186.218,106,0,0,0.249,0.325,0,0,0,0,0,0,0,0.014708567,0,0,0.008726332,0,0,0,0,0
65,Appearance,Data,0.755451713,158.1743438,133.0663013,1.246649146,3.286465177,0.590694737,0.473203331,11.03139535,29.08139535,2.3212,0.207970908,25.64054054,67.59459459,3.578305556,0.135784758,0.348,0.818,0.621,1.546,1.55,1.361,2.576,3.298,3.231,0.090970802,0.008147992,0.002715295,0.279363339,0.395383156,0.079955729,0.009164119,0.012911352,0.003405713
65,Appearance,FinalClaim,0.899193548,210.42787,171.8494272,1.200561404,4.210526316,0.511696429,0.418736848,9.776,34.28571429,1.737333333,0.152326397,22.81066667,80,2.548,0.074468085,0.404,0.571,0.36,1.328,1.676,0,0,2.016,0,0.088555062,0.019406126,0,0.267009586,0.048982932,0.029459902,0.005260697,0,0
66,Competition,Data,0.912380952,64.74114845,53.64266586,1.683574394,1.816608997,0.394449477,0.232671466,40.54608333,43.75,2.689,0.055266333,121.63825,131.25,7.7075,0.031682057,0.308516129,0.650285714,12.311,1.612,1.675365854,13.607,0,3.32,12.095,0.098283229,0.009939308,0,0.112267317,0.141176809,0.006823512,0.025302485,0.027966121,0.024858546
66,Competition,FinalClaim,0.977924945,182.2855807,154.2416452,0.541022989,1.643678161,0.450744186,0.823556906,7.844833333,23.83333333,2.4268,0.257791753,11.76725,35.75,3.183333333,0.202893624,0.381,0.979,0,1.964,1.68,0,2.375,3.588,0,0.404724978,0.083451954,0.050457838,0.457583548,0.713845631,0.152457031,0,0,0
66,Competition,PrimaryClaim,0.853556485,43.13832843,37.0014951,2.638246032,1.896825397,0.704895161,0.262942251,41.552375,29.875,7.853166667,0.141745809,66.4838,47.8,14.22866667,0.128410229,0.307056338,2.112857143,0,0,6.826571429,0,0,14.22866667,0,0.065582894,0,0,0.177968167,0.143752313,0.128410229,0,0,0
67,Competition,Data,0.80705191,63.99391741,52.8425021,1.311585873,1.398891967,1.039162275,0.79119714,9.283970588,9.901960784,4.99649505,0.532908819,19.32581633,20.6122449,9.055333333,0.458999013,0.356,2.932,9.188,1.48,5.32,9.225,2.324,20.559,22.892,0.13383388,0.01406599,0.004908312,0.445853859,0.786512701,3.039457636,0.058215457,0.05844989,0.145044431
67,Competition,FinalClaim,0.819672131,53.01524188,45.94654296,1.170775862,1.034482759,0.866982456,0.727752006,6.173181818,5.454545455,3.153,0.46432516,13.581,12,5.7865,0.340858552,0.635,1.022,0,3.645,2.384,0,7.608,0,0,0.289890288,0.161033797,0.112038878,0.075252191,0.140431485,0,0,0,0
68,Appearance,Data,0.868209731,113.727247,93.00459251,1.412107374,2.676584735,0.467818418,0.330433811,21.83118,41.38,2.329458333,0.102435141,43.66236,82.76,3.359304348,0.070783164,0.317071429,0.885394904,0.4078125,1.619714286,2.148216495,2.00525,2.564,2.527231317,2.279333333,0.097599855,0.010386979,0.004697868,0.254694432,0.572695567,0.650585081,0.005977689,0.029392823,0.031322173
68,Appearance,PrimaryClaim,0.685840708,27.04173399,20.43707085,4.499794393,2.028037383,0.53052381,0.115695837,32.09853333,14.46666667,1.764076923,0.047630421,96.2956,43.4,3.292333333,0.020513918,0.290827586,0.854764706,0,1.173,1.4884375,0,0,4.255,0,0.017516896,0.002436248,0,0.060359975,0.049462281,0.008837372,0,0,0
69,Competition,Data,0.861070912,28.22802894,23.67512105,3.960718579,1.863387978,0.856384615,0.215037979,36.240575,17.05,5.039973684,0.132116419,57.98492,27.28,7.433695652,0.117944459,0.429342105,1.013,0.508,2.702,2.089121212,1.356,3.6062,5.4286,0,0.056273252,0.014911463,0.012438406,0.064289819,0.047557882,0.018724179,0.002102616,0.001870831,0
69,Competition,FinalClaim,0.941176471,42.12598189,34.92495934,2.824457627,1.983050847,0.615275862,0.214146409,33.3286,23.4,4.02575,0.096631722,33.3286,23.4,4.02575,0.096631722,0.356,0.703,0,0,3.163,0,0,3.163,0,0.059816494,0,0,0.080153382,0.36063321,0.36063321,0,0,0
69,Competition,PrimaryClaim,0.807121662,18.46607022,14.83980266,5.720670213,1.760638298,0.927032258,0.160325657,34.69309677,10.67741935,3.847758621,0.103753094,71.69906667,22.06666667,6.931230769,0.083781658,0.3716875,1.819488889,0.752,1.3328,3.144571429,3.016,0,3.7965625,3.016,0.027647966,0.006196268,0,0.076130233,0.081868104,0.056481442,0.001398438,0.002804314,0.002804314
70,Appearance,Data,0.805143422,56.31360745,47.0489307,1.435315087,1.347129506,0.792323963,0.550546904,8.740252033,8.203252033,2.898082645,0.326187316,22.39689583,21.02083333,5.470043478,0.234055873,0.372003096,1.715508065,1.6224,1.5726,3.177571429,2.0768,3.5255,5.166640625,4.456,0.111768651,0.021942215,0.006558759,0.197872473,0.310352718,0.307580757,0.007545689,0.009659077,0.016579679
70,Appearance,FinalClaim,0.76910017,8.711591862,7.441151382,9.445542857,1.371428571,0.888088235,0.091335596,55.099,8,3.97,0.060043437,82.6485,12,5.568666667,0.050533283,0.312,0.698,0,0,1.624,0,0,0,0,0.01793136,0,0,0.008445404,0.00491237,0,0,0,0
71,Competition,Data,0.800677583,58.08605132,48.2499694,2.124231765,2.056470588,0.611858491,0.287359804,22.85565823,22.12658228,2.927896104,0.124860642,47.51571053,46,4.676333333,0.093236752,0.386379845,1.151648536,0.83425,1.542125,2.216189189,1.740333333,2.332,5.356388889,0,0.082814161,0.013665286,0.002583079,0.152439332,0.227068942,0.053397851,0.003696284,0.005783129,0
71,Competition,FinalClaim,0.845188285,99.73625302,84.44336089,1.270957746,2.112676056,0.486457143,0.377357654,22.5595,37.5,2.538333333,0.084387952,30.07933333,50,3.2,0.070923558,0.373,0.799,0,0,1.7,0,0,2.184,0,0.132272435,0,0,0.132815444,0.03767814,0.024202664,0,0,0
71,Competition,PrimaryClaim,0.894736842,23.53255337,19.77735868,5.706380952,2.238095238,0.52197561,0.089294357,119.834,47,7.144,0.029807901,119.834,47,7.144,0.029807901,0.326,0.534,0,0,0,0,0,0,0,0.028564514,0,0,0.022280822,0,0,0,0,0
72,Appearance,Data,0.777777778,40.76858417,32.70381698,1.800370996,1.223309609,0.762988414,0.42304102,13.05559355,8.870967742,3.289732026,0.248727402,30.66086364,20.83333333,5.934171875,0.187677312,0.333303774,1.385356757,3.39625,1.86,7.57975,9.16175,2.909333333,9.900054422,9.16175,0.087294681,0.011029755,0.004313069,0.126649954,0.569337973,0.719161778,0.006713227,0.018109652,0.018109652
72,Appearance,FinalClaim,0.778185151,155.7482338,130.0578035,0.705056604,1.830188679,0.5845,0.813369728,6.228,16.16666667,2.9602,0.396087562,12.456,32.33333333,5.5045,0.294610362,0.282,1.422,0,0,3.39,0,0,5.505,0,0.249036609,0,0,0.570809249,0.362877328,0.294637123,0,0,0
72,Appearance,PrimaryClaim,0.803571429,4.814374346,3.782722701,17.02219512,1.365853659,0.780275,0.044720666,87.23875,7,2.853714286,0.028622602,116.3183333,9.333333333,3.4944,0.025034747,0.291,0.67,0,0,1.056,0,0,0,0,0.008339184,0,0,0.006720064,0.001513089,0,0,0,0
73,Competition,Data,0.839787396,125.8457114,102.3519443,1.279556468,2.683778234,0.62159465,0.484791637,11.12757143,23.33928571,2.386727273,0.210657569,32.79705263,68.78947368,4.578444444,0.132251935,0.316,1.139,0.916,1.124,2.386,1.501,0,3.06,2.739,0.069980614,0.003607513,0,0.35094296,0.536055872,0.648196885,0.014699652,0.019270024,0.030768169
73,Competition,FinalClaim,0.782312925,50.52923024,41.18478355,2.84204918,2.393442623,0.709833333,0.245666657,17.3365,14.6,2.436555556,0.126490353,34.673,29.2,3.80225,0.087728204,0.318,1.204,0,0,2.456,0,0,2.842,0,0.029348484,0,0,0.125007931,0.056666571,0.049179477,0,0,0
74,Appearance,Data,0.842615012,48.90078482,40.61251621,2.279191904,1.857571214,0.625282707,0.273521416,22.68986567,18.49253731,3.252446154,0.139064649,58.47003846,47.65384615,6.452583333,0.101868084,0.305627329,1.114668639,0.9874,1.516285714,2.970121951,1.661333333,2.664,5.17652,3.838,0.064735325,0.00698188,0.001752377,0.123915536,0.16020697,0.255383263,0.003247554,0.003278471,0.007573899
74,Appearance,FinalClaim,0.888048411,121.3870494,102.7743685,0.823811111,1.666666667,0.684831461,0.822060073,8.238111111,16.66666667,4.356875,0.470105067,14.8286,30,7.45975,0.402452018,0.294,1.747,0,1.144,4.688,0,0,7.98,0,0.214126755,0.015429643,0,0.32987605,0.252916661,0.215259701,0,0,0
74,Appearance,PrimaryClaim,0.896648045,23.03668066,19.24013273,5.358770115,2.057471264,0.51830814,0.095609732,49.07505263,18.84210526,2.332470588,0.042525627,103.6028889,39.77777778,3.816,0.02864785,0.287051546,1.016116279,0,1.135,3.028428571,0,0,5.437333333,0,0.029861887,0.001217255,0,0.046859483,0.022735316,0.01749415,0,0,0
75,Competition,Data,0.731752673,42.8436633,35.52495753,3.336251121,2.382286996,0.52963892,0.158218792,35.8546506,25.60240964,2.1152125,0.056861774,102.6184828,73.27586207,3.570230769,0.031192203,0.380147157,0.807304054,0.8712,1.585307692,2.659437008,2.184375,2.096,3.223518519,2.661333333,0.03819437,0.006925216,0.000704316,0.080298098,0.2269864,0.204723825,0.002927482,0.005872102,0.005365707
75,Competition,FinalClaim,0.707317073,146.1402246,121.8159528,0.893721739,2.176811594,0.555052326,0.619257039,7.17055814,17.46511628,1.884380952,0.256682688,30.8334,75.1,4.100222222,0.119681903,0.396,0.918,0.658,2.331,1.692,1.46,3.644,3.874,0,0.160540193,0.037799918,0.023636706,0.294751795,0.477417346,0.050257189,0.008536198,0.0189405,0
75,Competition,PrimaryClaim,0.716262976,9.157061147,7.434129781,13.62692754,2.079710145,0.542845588,0.039258906,117.53225,17.9375,2.073571429,0.015437252,235.0645,35.875,3.298333333,0.010523707,0.393395833,0.696052632,0,1.172,1.80175,0,0,3.575,0,0.010041393,0.001246466,0,0.014065288,0.003832459,0.001901074,0,0,0
76,Appearance,Data,0.829581994,17.73401291,14.78797168,9.071458515,2.681222707,1.810263158,0.198684487,74.19157143,21.92857143,12.5237037,0.162773592,98.92209524,29.23809524,16.40785,0.157967983,0.373,1.824,0.603,2.096,4.522,1.992,2.624,21.938,0,0.016878121,0.002017942,0.001263139,0.079023224,0.084895088,0.052802494,0.001451359,0.000958908,0
76,Appearance,FinalClaim,0.916083916,6.287368146,5.224714375,16.72960494,1.75308642,2.7841875,0.164368186,135.5098,14.2,21.738,0.144374798,225.8496667,23.66666667,38.0548,0.140413461,0.298,1.054,2.31,1.375,2.504,2.31,0,2.629,2.31,0.006817219,0.001014687,0,0.01555607,0.024021879,0.023280973,0.001704674,0.001704674,0.001704674
77,Competition,Data,0.825331126,127.6999285,104.0996886,1.637570588,3.485294118,0.502643068,0.30604159,27.8387,59.25,3.155,0.107664869,69.59675,148.125,6.372428571,0.080116888,0.281,0.578,0.513,0,1.78,0,0,2.52,0,0.071666421,0,0,0.165061587,0.01918193,0.009052147,0.007371034,0,0
77,Competition,FinalClaim,0.894230769,49.30821605,39.54185442,3.759477612,3.089552239,0.840348485,0.220191754,25.1885,20.7,3.911111111,0.139746313,35.98357143,29.57142857,5.077333333,0.120944082,0.328,0.859,0,1.792,2.84,0,0,2.84,0,0.031252357,0.007114358,0,0.078436588,0.03382496,0.03382496,0,0,0
78,Competition,Data,0.817010309,77.68884163,62.58455943,1.022321408,1.323716099,0.571308492,0.558189586,17.03541346,22.05769231,4.451892157,0.25630601,35.43366,45.88,7.899083333,0.21400894,0.310082609,0.838025575,0.719,1.520777778,3.712105263,2.9136,2.66,5.088386503,4.825,0.161019776,0.007725423,0.003002795,0.184947307,0.517524862,0.46814639,0.008116576,0.01644538,0.016340395
78,Competition,FinalClaim,0.862953692,142.2706682,123.1596829,0.523259259,1.240740741,0.456735849,0.856703001,4.709333333,11.16666667,1.7326,0.306589751,9.418666667,22.33333333,2.668,0.188844847,0.325,1.333,0,1.247,1.854,0,0,2.668,0,0.414071348,0.04413222,0,0.471758211,0.262457531,0.188844847,0,0,0
78,Competition,PrimaryClaim,0.866666667,7.570487017,6.413884834,7.608493333,0.96,1.240351351,0.160848315,81.51957143,10.28571429,11.22916667,0.118069806,114.1274,14.4,16.09525,0.112823038,0.308,1.415,0.864,0,2.924,0,0,2.924,0,0.020510412,0,0,0.01983748,0.010248196,0.010248196,0.001514097,0,0
79,Appearance,Data,0.807179015,99.37526701,83.07586574,1.140398941,1.888790821,0.586019452,0.512965222,12.92072,21.4,2.887183673,0.218984701,38.00211765,62.94117647,5.96425,0.147713131,0.341154696,0.984149837,3.51475,1.561,3.575080292,4.25775,3.903,5.440368201,5.659571429,0.143372041,0.013289507,0.003020729,0.233836814,0.758140413,1.006327821,0.021761945,0.026362308,0.030661604
79,Appearance,FinalClaim,0.962962963,124.3985448,102.1006924,0.79884375,1.65625,0.532269841,0.655889371,6.39075,13.25,1.672428571,0.228983296,17.042,35.33333333,2.26,0.088409029,0.352,1.062,0,1.488,2.165,0,0,2.26,0,0.172123773,0.029104565,0,0.332355357,0.12703908,0.088409029,0,0,0
79,Appearance,PrimaryClaim,0.866972477,36.61689293,30.34455479,3.46995098,2.117647059,0.455128713,0.129876955,44.241875,27,1.788142857,0.035365251,117.9783333,72,2.584,0.014601551,0.342,0.812,0,1.317,1.746,0,0,0,0,0.050246514,0.003721022,0,0.082591436,0.069063529,0,0,0,0
80,Competition,Data,0.872889772,101.8971213,83.98670379,2.460377593,4.178423237,0.57199375,0.231517444,23.71804,40.28,2.189479167,0.088620308,53.90463636,91.54545455,3.39055,0.057180947,0.357882353,1.004697987,0.735833333,1.048,2.401262931,2.676,0,3.293411255,3.29,0.041042177,0.000883716,0,0.252466055,0.4697631,0.641518439,0.007445809,0.020308592,0.024968336
80,Competition,FinalClaim,0.942731278,126.908131,104.2810999,2.43956,5.16,0.540958333,0.212874453,20.32966667,43,2.292,0.075161095,30.4945,64.5,3.48,0.05705947,0.384,0.961,0,1.104,3.48,0,0,3.48,0,0.044073521,0.018101625,0,0.267867976,0.05705947,0.05705947,0,0,0
80,Competition,PrimaryClaim,0.812903226,27.03992132,22.72410326,10.64398438,4.796875,0.643919355,0.05860558,61.92863636,27.90909091,2.104666667,0.027806199,136.243,61.4,3.503666667,0.015429784,0.390125,0.647,0.592,0,2.599,0,0,2.599,0,0.00916304,0,0,0.032292301,0.003815242,0.003815242,0.000869035,0,0
81,Competition,Data,0.769230769,31.8651482,26.77426654,3.657655172,1.942528736,0.772316602,0.209532728,18.35861538,9.75,2.4653,0.129120891,38.18592,20.28,3.754173913,0.090447998,0.378626506,1.388928571,0.908,1.746,3.127557377,1.3,2.752,3.926737705,2.743,0.03291894,0.007315786,0.002882738,0.101843821,0.199844341,0.250910283,0.001902272,0.002723517,0.005746621
81,Competition,FinalClaim,1,132.6986874,115.390163,1.094684211,2.421052632,0.790166667,0.683830953,10.3995,23,9.471,0.455358431,10.3995,23,9.471,0.455358431,0.267,1.936,0,0,9.471,0,0,9.471,0,0.102697245,0,0,0.558488389,0.455358431,0.455358431,0,0,0
81,Competition,PrimaryClaim,0.834519573,26.14653244,21.81208054,4.439172414,1.934482759,0.804937282,0.179450193,29.93860465,13.04651163,3.37955,0.105007146,51.4944,22.44,4.928409091,0.08422275,0.390402597,1.461947368,0.488,2.284,2.786392857,2.16,3.472,3.412,2.16,0.023350889,0.003548347,0.002696992,0.086306861,0.121207743,0.087462714,0.00037907,0.001677852,0.001677852
82,Appearance,Data,0.805555556,31.09565661,25.40768176,3.627321113,1.879898862,0.641208122,0.176101374,56.25903922,29.15686275,5.108208333,0.085456943,92.55519355,47.96774194,7.809285714,0.076209104,0.318837264,0.942942308,0.502111111,1.440285714,3.8849,0,3.528,5.847181818,0,0.047116437,0.003513858,0.001229606,0.068357468,0.027079918,0.022416964,0.001574997,0,0
82,Appearance,PrimaryClaim,0.897009967,8.002660344,6.65085961,13.69914815,1.827160494,0.673710692,0.048268298,130.5448235,17.41176471,4.072071429,0.025688269,221.9262,29.6,6.708,0.021158385,0.368287234,0.98345,0,2.274,5.158,0,4.757,6.24,0,0.01559933,0.003073995,0.002143505,0.017725712,0.009296784,0.008435237,0,0,0
83,Competition,Data,0.785764131,19.92510891,16.3781569,7.862775926,2.611111111,1.081035448,0.136469332,41.62646078,13.82352941,4.223663265,0.097486775,83.25292157,27.64705882,7.329680851,0.081135938,0.482891892,2.320175,0.6432,2.182466667,5.273038462,5.311666667,3.522666667,10.59456818,13.263,0.021040303,0.007710263,0.00497798,0.109290164,0.129158984,0.109790883,0.000757437,0.003753033,0.00312372
83,Competition,FinalClaim,0.839673913,2.997855171,2.452790594,56.45061538,2.820512821,0.678648649,0.011405476,366.929,18.33333333,3.05575,0.005551937,366.929,18.33333333,3.05575,0.005551937,0.384882353,0.853941176,0,0,2.776,0,0,2.776,0,0.002971965,0,0,0.006593919,0.002521832,0.002521832,0,0,0
83,Competition,PrimaryClaim,0.694148936,17.55710309,14.4015697,7.163997167,2.09631728,1.217571429,0.168512601,33.71854667,9.866666667,4.372833333,0.124498842,56.19757778,16.44444444,6.49152381,0.107811685,0.62203125,1.358384615,0.352,2.575666667,2.263,0,3.501714286,6.2064,0,0.023613117,0.012221958,0.009692786,0.055863222,0.05995553,0.024541983,0.000139191,0,0
84,Competition,Data,0.884393064,52.58781946,43.0632433,2.775714063,2.4328125,0.589029827,0.211213669,21.40309639,18.75903614,1.97945,0.089141477,68.32526923,59.88461538,3.541695652,0.045854755,0.362836502,1.203904306,0.764,1.332181818,1.99666,1.26,0,4.329666667,0,0.053717033,0.008249003,0,0.141639229,0.112395628,0.029246979,0.000860139,0.001418554,0
84,Competition,FinalClaim,0.910834132,50.11596412,40.38470895,2.569041667,2.145833333,0.696255319,0.265371328,12.3314,10.3,1.952777778,0.142522341,24.6628,20.6,2.9,0.0940688,0.339,1.155,0,0,2.157,0,0,2.576,0,0.043985273,0,0,0.103029664,0.052475794,0.041779522,0,0,0
84,Competition,PrimaryClaim,0.826347305,16.03341094,12.96114058,7.8118125,2.0875,1.000448718,0.124866988,41.663,11.13333333,3.997230769,0.083149717,104.1575,27.83333333,9.6795,0.061954252,0.400666667,2.514588235,0,1.5835,15.903,0,0,15.903,0,0.015386954,0.005067646,0,0.068402819,0.050894079,0.050894079,0,0,0
85,Appearance,Data,0.671495085,80.15755591,67.31883252,1.552679781,2.07431694,0.594510941,0.382475002,13.7932233,18.42718447,2.390578431,0.171632756,31.57115556,42.17777778,3.670931818,0.113690978,0.389,0.891,0.781,1.988,2.893,3.117,3.112,3.173,3.38,0.090904356,0.018191007,0.010952332,0.153025758,0.474461921,0.484648434,0.004397826,0.017551886,0.016653739
85,Appearance,FinalClaim,0.93258427,8.196021515,6.892109001,20.13171875,2.75,0.414419355,0.0199421,214.7383333,29.33333333,1.72,0.005339832,322.1075,44,2.376,0.00368821,0.302,0.668,0,1.064,2.376,0,0,2.376,0,0.007031814,0.001651623,0,0.012443051,0.00368821,0.00368821,0,0,0
86,Appearance,Data,0.791005291,83.80136138,68.05047678,1.698342229,2.372056515,1.317965409,0.774812265,7.309756757,10.20945946,4.289380952,0.582837267,14.81978082,20.69863014,7.312013889,0.486636705,0.628,1.759,0.805,5.269,3.426,2.293,11.602,4.847,3.909,0.124805425,0.063315044,0.053621409,0.359329996,0.687198894,0.972227974,0.0022323,0.006358588,0.010839825
86,Appearance,FinalClaim,0.934210526,7.850871568,6.343088287,21.77381132,2.849056604,1.054903846,0.047534168,104.9101818,13.72727273,3.8352,0.033233623,192.3353333,25.16666667,6.5456,0.02836019,0.364,1.214,0,1.148,2.779,0,0,3.652,0,0.007570112,0.001989581,0,0.022091625,0.007224362,0.006329224,0,0,0
87,Competition,Data,0.676624347,82.61579178,68.55485899,2.302414868,3.170263789,0.973949398,0.420983286,12.80142667,17.62666667,3.709465753,0.282042522,24.61812821,33.8974359,5.919297297,0.228114158,0.471189189,1.033807229,0.5312,2.439888889,2.763506849,2.231,3.2958,3.073434783,2.418,0.054475178,0.022871409,0.017163712,0.178742578,0.210118247,0.220878506,0.002766358,0.006971098,0.007555408
87,Competition,FinalClaim,0.659547739,285.7466833,251.729221,0.8819,4.2,0.398222222,0.406395283,4.4095,21,1,0.113391541,8.819,42,0,0,0.43,0.424,0,1,0,0,0,0,0,0.243791813,0.113391541,0,0.240390067,0,0,0,0,0
87,Competition,PrimaryClaim,0.535714286,25.09274386,21.48227712,8.982891892,3.756756757,0.674833333,0.073093899,36.92966667,15.44444444,1.85375,0.044619351,110.789,46.33333333,2.724,0.016391519,0.441,0.606,0,1.624,1.679,0,0,0,0,0.009287926,0.004886165,0,0.027349286,0.010103289,0,0,0,0
88,Competition,Data,0.849931787,32.55530084,26.74982881,4.921465201,2.67032967,0.662431734,0.133614427,37.32111111,20.25,2.715823529,0.068726369,74.64222222,40.5,4.221,0.050266456,0.312104348,0.924814815,0.544,1.468,2.68775,0,0,3.189176471,0,0.026714103,0.002185239,0,0.074339814,0.048011254,0.040352496,0.000404894,0,0
88,Competition,FinalClaim,0.91237678,34.93257768,27.60406488,4.162983051,2.423728814,0.980852273,0.234281697,32.03686957,18.65217391,5.305454545,0.158404447,61.404,35.75,9.316363636,0.139078887,0.305,1.754,1.092,1.64,3.769,0,0,3.895,0,0.029388693,0.002225696,0,0.159487438,0.194371159,0.190297049,0.002963976,0,0
88,Competition,PrimaryClaim,0.890387858,22.0712988,17.64202455,7.611695238,2.8,0.856478261,0.110913907,66.60233333,24.5,5.455761905,0.071676042,145.3141818,53.45454545,11.937375,0.059744528,0.273287671,0.830813953,0.818666667,0,2.057061224,2.164,0,2.704,0,0.012480794,0,0,0.044699385,0.063058351,0.001691632,0.001536483,0.002707613,0
89,Appearance,Data,0.817089453,87.27213409,72.70735871,2.288626667,3.328888889,1.326892857,0.577200106,9.998854369,14.54368932,4.584267327,0.449576748,19.43173585,28.26415094,7.67127451,0.379883326,0.461649485,1.117593137,1.1796,2.9084,3.761379518,3.87,3.914,4.6320625,4.236,0.043480709,0.014120064,0.011401306,0.221373905,0.606272369,0.647663519,0.011453739,0.026303984,0.024678555
89,Appearance,FinalClaim,0.869803922,30.90016029,26.65138825,9.137588235,4.705882353,0.5914375,0.060918379,51.77966667,26.66666667,2,0.025750134,77.6695,40,2.672,0.017201089,0.316,0.903,0,0,2,0,0,2.672,0,0.008137042,0,0,0.034878556,0.025750134,0.017201089,0,0,0
90,Appearance,Data,0.828781513,62.90694901,50.082571,1.686777989,1.768500949,0.598051331,0.353879712,34.18969231,35.84615385,5.24614,0.147540532,84.66019048,88.76190476,11.65815789,0.12459052,0.322102767,0.815093525,0.995545455,1.532875,1.737828947,1.571,2.977,3.946,0,0.091674054,0.006897603,0.001674481,0.127454068,0.222865754,0.008878069,0.006159639,0.007069157,0
90,Appearance,FinalClaim,0.783505155,118.6109833,99.21547662,1.031166667,2.038461538,0.391233766,0.374544641,16.0862,31.8,1.12,0.055699917,80.431,159,0,0,0.342,0.579,0,1.124,1.176,0,0,0,0,0.187092042,0.027949422,0,0.151173055,0.014621228,0,0,0,0
91,Appearance,Data,0.699410609,44.66427209,36.94235472,2.1845623,1.626198083,1.170442308,0.53406711,20.11082353,14.97058824,7.793818182,0.376145125,52.59753846,39.15384615,19.2105,0.337140668,0.350026432,0.775727273,6.244,1.437,2.241454545,7.644,2.351,3.177,8.496,0.058101578,0.005253975,0.00171915,0.081115963,0.198324578,0.204437763,0.009131752,0.01117923,0.012425267
91,Appearance,FinalClaim,0.820742638,176.1931599,144.1580399,0.702354167,2.0625,0.444042553,0.619049032,8.42825,24.75,1.554666667,0.138344259,16.8565,49.5,2.2,0.065256726,0.3,0.65,0,0,2.312,0,0,2.312,0,0.1601756,0,0,0.327766737,0.068578886,0.068578886,0,0,0
91,Appearance,PrimaryClaim,0.817109145,46.43759603,39.25082521,2.226312821,1.723076923,0.451051813,0.200522423,33.39469231,25.84615385,1.839,0.046596534,86.8262,67.2,3.258333333,0.022516245,0.346024096,0.739636364,3.408,1.3115,2.005,3.008,0,3.872,3.008,0.066155147,0.006041955,0,0.074963548,0.013855265,0.008918967,0.007850165,0.006928784,0.006928784
92,Appearance,Data,0.902616279,104.9519817,87.22536783,1.510251969,2.641732283,0.590552632,0.390002885,14.38515,25.1625,2.939782051,0.199253223,30.28452632,52.97368421,4.732444444,0.148041557,0.29003125,1.041032143,0.861538462,1.53425,1.939324818,1.556307692,2.143,3.021596774,3.224,0.096776884,0.010665513,0.001862163,0.253289851,0.461739189,0.325577071,0.009732259,0.01758063,0.016809001
92,Appearance,FinalClaim,0.926470588,243.7397684,203.7227915,0.717086957,2.913043478,0.377454545,0.503486328,8.2465,33.5,1.464,0.088764931,16.493,67,0,0,0.271,0.626,0,0,1.464,0,0,0,0,0.230036985,0,0,0.189777481,0.088764931,0,0,0,0
92,Appearance,PrimaryClaim,0.972677596,22.16371763,18.49017327,7.538307692,2.784615385,0.766301587,0.098526501,37.69153846,13.92307692,2.916272727,0.065468683,69.99857143,25.85714286,4.7646,0.04861936,0.294352941,1.4445,0,0,2.482133333,0,0,5.119666667,0,0.020424907,0,0,0.076648503,0.075985224,0.031345538,0,0,0
94,Appearance,Data,0.792534722,60.2964019,48.38074771,1.656281938,1.664464023,0.627445588,0.378271485,18.046848,18.136,3.106845528,0.169399997,41.01556364,41.21818182,5.442641509,0.127871637,0.374311828,0.814645367,1.158294118,1.648,2.090234513,2.19125,2.9168,3.902139535,3.705142857,0.092588357,0.013149776,0.006464952,0.113032038,0.209407427,0.223141903,0.008728837,0.011656329,0.011497188
94,Appearance,FinalClaim,0.823529412,164.5973461,137.7740749,0.639103896,1.753246753,0.482684211,0.745443092,12.30275,33.75,1.957333333,0.119322916,24.6055,67.5,2.896,0.058848631,0.354,0.875,0,0,2.044,0,0,2.896,0,0.323708114,0,0,0.337830973,0.083070858,0.058848631,0,0,0
94,Appearance,PrimaryClaim,0.754010695,9.733469543,7.418482193,10.96533654,1.778846154,0.7955,0.071151662,114.0395,18.5,5.74325,0.040289549,162.9135714,26.42857143,8.306,0.036417206,0.624594595,1.061833333,0,2.63,12.136,0,3.888,12.136,0,0.020264908,0.009224874,0.00681869,0.022346643,0.010641927,0.010641927,0,0,0
95,Appearance,Data,0.729199372,41.75712946,34.6519882,2.18202518,1.518585132,0.592126727,0.270877603,22.89067925,15.93081761,2.702384615,0.115828639,66.17487273,46.05454545,5.526576923,0.078959385,0.351371642,0.885467692,0.673,1.507625,1.892852349,1.6015,2.524,2.972057971,2.74,0.064682338,0.009941428,0.003467397,0.079067913,0.15498055,0.169033124,0.002218914,0.005280224,0.006775436
95,Appearance,FinalClaim,0.777262181,5.86029703,4.66653282,16.26097059,1.588235294,0.401537313,0.024330181,368.582,36,1.88,0.003400419,552.873,54,2.32,0.002098131,0.315,0.767,0,0,1.88,0,0,2.32,0,0.008261391,0,0,0.01040474,0.003400419,0.002098131,0,0,0
96,Competition,Data,0.723274696,86.00523713,71.98137911,1.353149606,1.939632546,0.835998686,0.61700611,9.20625,13.19642857,3.461351351,0.372621472,21.04285714,30.16326531,6.219708333,0.289541267,0.488,1.178,0.458,1.805,2.228,1.885,3.209,4.681,0,0.110274464,0.047265057,0.021785472,0.206786927,0.324119872,0.6128746,0.001776743,0.005484434,0
96,Competition,FinalClaim,0.883211679,63.59128289,53.37954403,2.084887097,2.209677419,0.877967213,0.414318096,10.77191667,11.41666667,3.048727273,0.259440056,25.8526,27.4,6.17025,0.190936308,0.409,2.212,0,1.085,3.344,0,0,3.429,0,0.091758663,0.02518122,0,0.359360374,0.543264507,0.530546251,0,0,0
97,Competition,Data,0.89048811,52.84917009,43.4344727,4.351549637,3.832929782,0.751188264,0.170953544,29.46213115,25.95081967,3.098701754,0.09827898,57.97387097,51.06451613,4.96262963,0.074555834,0.459959677,0.809573123,0.690666667,2.847857143,1.980648855,1.995,11.647,3.630796875,3.336,0.031735654,0.011092316,0.006480673,0.113967917,0.144372604,0.129296847,0.002305822,0.003330199,0.001856231
97,Competition,FinalClaim,0.892130258,202.4746907,173.2283465,0.860322581,2.903225806,0.5733,0.64488189,4.445,15,1.7888,0.33535808,13.335,45,3.36,0.125984252,0.331,1.172,0,0,1.932,0,0,3.36,0,0.210986127,0,0,0.395500562,0.28976378,0.125984252,0,0,0
97,Competition,PrimaryClaim,0.890269151,22.03470814,18.27721055,7.886670732,2.896341463,1.320763975,0.164404437,47.90422222,17.59259259,6.764916667,0.125526707,80.838375,29.6875,11.24053846,0.112977747,0.351132075,0.933,0.843,1.576,2.322,2.024,0,4.442,4.416,0.014388278,0.001218481,0,0.04905158,0.07899095,0.151110163,0.000651763,0.001564851,0.00341422
98,Appearance,Data,0.884244373,79.96320893,65.56670164,1.331341435,1.774305556,0.610831787,0.457747207,12.92448315,17.2247191,3.099908046,0.234457901,32.86511429,43.8,5.933909091,0.170236091,0.304226244,1.803344262,5.245285714,1.945125,4.285666667,7.168666667,2.986333333,8.421388489,11.5032,0.116900335,0.013528022,0.007788545,0.382529804,0.771232892,1.017642676,0.031920082,0.037392667,0.050001782
98,Appearance,FinalClaim,0.890423573,13.18999491,10.77719096,8.4775,1.863636364,0.734465116,0.084667971,46.62625,10.25,2.827142857,0.053054878,74.602,16.4,3.9335,0.042181175,0.303,1.491,0,1.112,3.176,0,0,4.311,0,0.022744699,0.002981153,0,0.051963754,0.042572585,0.034671993,0,0,0
100,Appearance,Data,0.879191059,126.3215364,103.1864738,0.984529675,2.072788354,0.655386771,0.664939688,8.70480198,18.32673267,3.17059,0.360628309,17.23892157,36.29411765,4.96278,0.282237527,0.331,1.187,1.722,2.01,2.356,2.212,3.267,3.231,2.903,0.166782873,0.027434499,0.014863766,0.39558341,0.763730045,1.040023431,0.025462218,0.032707564,0.042924982
100,Appearance,FinalClaim,0.990566038,141.821186,114.2830916,0.907833333,2.145833333,0.428404255,0.462066275,6.225142857,14.71428571,1.312666667,0.180741693,21.788,51.5,2.144,0.049201395,0.268,1.291,0,0,1.771,0,0,2.144,0,0.166054709,0,0,0.562901597,0.528341289,0.049201395,0,0,0
101,Competition,Data,0.885297185,122.3589885,101.0847702,0.622128342,1.268716578,0.488228916,0.783722859,9.496979592,19.36734694,2.642083333,0.272524884,33.23942857,67.78571429,6.233846154,0.174147742,0.311,1.008,0.898,1.288,1.915,1.412,2.064,3.209,2.856,0.288710482,0.024910176,0.004435352,0.303254311,0.407401279,0.413751311,0.007718888,0.006068524,0.00613729
101,Competition,FinalClaim,0.779411765,176.524832,152.8125412,0.506066667,1.488888889,0.379772727,0.733763668,7.591,22.33333333,1.5455,0.135730909,11.3865,33.5,2.048,0.089931059,0.265,0.546,0,0,0,0,0,0,0,0.337461028,0,0,0.191806086,0,0,0,0,0
